WK;BZ;bezID;SPR;WBER;ABG.;UNG.;OEVP;SPOE;FPOE;GRUE;NEOS;DANN;KPOE
Wien Innen-West;Innere Stadt;90101;1;655;426;3;107;79;66;56;100;8;7
Wien Innen-West;Innere Stadt;90101;2;1147;592;2;141;151;67;111;89;13;18
Wien Innen-West;Innere Stadt;90101;3;753;454;2;104;105;63;68;87;11;14
Wien Innen-West;Innere Stadt;90101;4;745;462;0;96;96;75;80;89;7;19
Wien Innen-West;Innere Stadt;90101;5;867;544;7;132;94;84;80;121;12;14
Wien Innen-West;Innere Stadt;90101;6;784;485;0;133;99;65;62;105;10;11
Wien Innen-West;Innere Stadt;90101;7;709;419;2;129;79;54;58;93;1;3
Wien Innen-West;Innere Stadt;90101;8;858;508;1;115;120;74;81;99;12;6
Wien Innen-West;Innere Stadt;90101;9;757;435;1;166;65;51;42;97;8;5
Wien Innen-West;Innere Stadt;90101;10;472;279;1;80;54;35;43;58;2;6
Wien Innen-West;Innere Stadt;90101;11;848;552;3;170;94;78;70;109;20;8
Wien Innen-West;Innere Stadt;90101;12;655;405;1;117;78;57;54;86;6;6
Wien Innen-West;Innere Stadt;90101;13;918;613;7;154;115;89;102;125;9;12
Wien Innen-West;Innere Stadt;90101;14;876;522;3;117;109;54;91;117;9;22
Wien Innen-Ost;Leopoldstadt;90201;1;725;474;2;42;145;32;143;69;9;32
Wien Innen-Ost;Leopoldstadt;90201;2;752;406;2;31;101;40;137;62;11;22
Wien Innen-Ost;Leopoldstadt;90201;3;915;603;5;57;185;58;189;76;9;24
Wien Innen-Ost;Leopoldstadt;90201;4;873;483;1;72;131;68;130;55;5;21
Wien Innen-Ost;Leopoldstadt;90201;5;783;501;6;54;137;58;153;50;9;34
Wien Innen-Ost;Leopoldstadt;90201;6;794;396;4;32;146;44;95;50;5;20
Wien Innen-Ost;Leopoldstadt;90201;7;694;429;2;33;129;23;141;72;12;17
Wien Innen-Ost;Leopoldstadt;90201;8;649;380;4;45;97;42;118;49;6;19
Wien Innen-Ost;Leopoldstadt;90201;9;783;453;5;52;125;59;107;55;10;40
Wien Innen-Ost;Leopoldstadt;90201;10;697;451;0;65;110;33;128;75;7;33
Wien Innen-Ost;Leopoldstadt;90201;11;761;433;2;46;138;42;113;66;5;21
Wien Innen-Ost;Leopoldstadt;90201;12;1195;587;5;82;149;35;194;88;8;26
Wien Innen-Ost;Leopoldstadt;90201;13;910;520;3;57;169;75;108;66;9;33
Wien Innen-Ost;Leopoldstadt;90201;14;835;416;4;72;126;37;93;63;7;14
Wien Innen-Ost;Leopoldstadt;90201;15;741;444;4;60;139;50;108;52;5;26
Wien Innen-Ost;Leopoldstadt;90201;16;780;462;4;47;153;50;122;58;3;25
Wien Innen-Ost;Leopoldstadt;90201;17;675;409;4;70;109;41;103;59;3;20
Wien Innen-Ost;Leopoldstadt;90201;18;638;327;3;30;106;36;78;45;4;25
Wien Innen-Ost;Leopoldstadt;90201;19;741;417;2;38;132;48;112;38;10;37
Wien Innen-Ost;Leopoldstadt;90201;20;782;446;2;52;135;38;133;61;6;19
Wien Innen-Ost;Leopoldstadt;90201;21;723;414;3;34;136;35;124;50;7;25
Wien Innen-Ost;Leopoldstadt;90201;22;1002;510;2;71;172;48;115;70;10;22
Wien Innen-Ost;Leopoldstadt;90201;23;709;390;1;33;125;25;119;60;2;25
Wien Innen-Ost;Leopoldstadt;90201;24;653;297;6;28;79;41;82;41;4;16
Wien Innen-Ost;Leopoldstadt;90201;25;886;400;1;33;126;47;111;47;4;31
Wien Innen-Ost;Leopoldstadt;90201;26;644;323;2;31;92;34;92;44;5;23
Wien Innen-Ost;Leopoldstadt;90201;27;615;384;0;40;112;36;120;52;9;15
Wien Innen-Ost;Leopoldstadt;90201;28;718;362;0;44;112;41;103;41;4;17
Wien Innen-Ost;Leopoldstadt;90201;29;610;322;1;22;98;26;104;39;6;26
Wien Innen-Ost;Leopoldstadt;90201;30;408;217;1;22;69;33;50;25;1;16
Wien Innen-Ost;Leopoldstadt;90201;31;710;366;1;36;109;40;101;43;6;30
Wien Innen-Ost;Leopoldstadt;90201;32;770;345;5;41;112;49;72;37;5;24
Wien Innen-Ost;Leopoldstadt;90201;33;543;306;1;40;72;46;75;47;7;18
Wien Innen-Ost;Leopoldstadt;90201;34;551;296;3;24;103;35;73;46;3;9
Wien Innen-Ost;Leopoldstadt;90201;35;796;516;3;67;167;44;119;81;6;29
Wien Innen-Ost;Leopoldstadt;90201;36;737;447;6;62;128;63;107;57;1;23
Wien Innen-Ost;Leopoldstadt;90201;37;643;318;3;37;119;44;65;36;5;9
Wien Innen-Ost;Leopoldstadt;90201;38;731;309;3;32;100;57;60;25;5;27
Wien Innen-Ost;Leopoldstadt;90201;39;526;267;5;10;77;29;90;25;4;27
Wien Innen-Ost;Leopoldstadt;90201;40;762;322;5;25;93;68;70;32;6;23
Wien Innen-Ost;Leopoldstadt;90201;41;704;391;2;47;102;55;109;47;11;18
Wien Innen-Ost;Leopoldstadt;90201;42;412;221;0;22;45;37;66;28;4;19
Wien Innen-Ost;Leopoldstadt;90201;43;456;244;0;17;80;27;72;30;4;14
Wien Innen-Ost;Leopoldstadt;90201;44;564;263;1;15;97;32;66;29;9;14
Wien Innen-Ost;Leopoldstadt;90201;45;588;294;1;27;92;30;86;31;3;24
Wien Innen-Ost;Leopoldstadt;90201;46;617;323;1;30;74;47;113;24;4;30
Wien Innen-Ost;Leopoldstadt;90201;47;833;437;0;27;140;43;126;63;4;34
Wien Innen-Ost;Leopoldstadt;90201;48;921;424;7;40;141;47;100;58;7;24
Wien Innen-Ost;Leopoldstadt;90201;49;774;380;3;42;127;51;86;35;7;29
Wien Innen-Ost;Leopoldstadt;90201;50;758;347;4;31;98;40;84;51;7;32
Wien Innen-Ost;Leopoldstadt;90201;51;919;302;2;27;113;78;34;27;5;16
Wien Innen-Ost;Leopoldstadt;90201;52;830;283;2;17;117;78;23;20;13;13
Wien Innen-Ost;Leopoldstadt;90201;53;1002;431;5;56;153;66;71;47;3;30
Wien Innen-Ost;Leopoldstadt;90201;54;1078;537;5;50;144;76;111;124;8;19
Wien Innen-Ost;Leopoldstadt;90201;55;993;392;7;40;154;124;37;21;5;4
Wien Innen-Ost;Leopoldstadt;90201;56;753;345;5;42;108;70;51;45;9;15
Wien Innen-Ost;Leopoldstadt;90201;57;794;270;0;20;109;80;24;13;5;19
Wien Innen-Ost;Leopoldstadt;90201;58;1134;574;7;93;255;109;46;38;2;24
Wien Innen-Ost;Leopoldstadt;90201;59;537;338;3;44;121;66;36;40;18;10
Wien Innen-Ost;Leopoldstadt;90201;60;1162;531;3;56;181;106;72;84;5;24
Wien Innen-Ost;Leopoldstadt;90201;61;955;513;7;83;161;118;70;40;12;22
Wien Innen-Ost;Leopoldstadt;90201;62;622;392;3;60;110;122;34;39;8;16
Wien Innen-Ost;Leopoldstadt;90201;63;762;467;5;47;130;62;122;57;11;33
Wien Innen-Ost;Leopoldstadt;90201;64;1065;686;4;113;175;77;171;111;14;21
Wien Innen-Ost;Leopoldstadt;90201;65;924;564;5;86;144;80;129;84;10;26
Wien Innen-Ost;Leopoldstadt;90201;66;976;449;4;37;157;87;93;41;10;20
Wien Innen-Ost;Leopoldstadt;90201;67;973;363;2;38;127;75;42;43;6;30
Wien Innen-Ost;Leopoldstadt;90201;68;1070;660;6;65;215;70;150;89;23;42
Wien Innen-Ost;Leopoldstadt;90201;69;811;550;4;27;157;20;207;107;2;26
Wien Innen-Ost;Leopoldstadt;90201;70;938;608;2;52;193;50;161;117;11;22
Wien Innen-Ost;Leopoldstadt;90201;71;841;384;2;31;128;66;85;45;11;16
Wien Innen-Ost;Leopoldstadt;90201;72;1018;605;4;20;202;49;180;88;6;56
Wien Innen-Ost;Leopoldstadt;90201;73;1137;505;10;42;156;95;100;64;4;34
Wien Innen-Ost;Leopoldstadt;90201;74;1252;534;4;26;193;80;126;77;6;22
Wien Innen-Ost;Leopoldstadt;90201;75;711;420;1;28;107;41;145;72;4;22
Wien Innen-Ost;Leopoldstadt;90201;76;1040;690;5;30;204;31;245;127;8;40
Wien Innen-Süd;Landstraße;90301;1;840;529;4;64;146;52;139;95;7;22
Wien Innen-Süd;Landstraße;90301;2;635;339;1;24;102;36;107;47;2;20
Wien Innen-Süd;Landstraße;90301;3;688;404;2;43;101;55;119;51;6;27
Wien Innen-Süd;Landstraße;90301;4;799;488;1;48;132;46;126;95;12;28
Wien Innen-Süd;Landstraße;90301;5;685;395;0;58;86;39;92;79;11;30
Wien Innen-Süd;Landstraße;90301;6;761;424;1;45;125;64;100;67;7;15
Wien Innen-Süd;Landstraße;90301;7;893;561;2;67;142;78;145;90;12;25
Wien Innen-Süd;Landstraße;90301;8;791;472;5;61;108;56;115;86;10;31
Wien Innen-Süd;Landstraße;90301;9;663;431;1;77;106;40;106;73;5;23
Wien Innen-Süd;Landstraße;90301;10;765;487;1;102;122;47;98;85;8;24
Wien Innen-Süd;Landstraße;90301;11;737;508;3;90;139;62;109;82;11;12
Wien Innen-Süd;Landstraße;90301;12;792;497;1;93;112;50;128;96;7;10
Wien Innen-Süd;Landstraße;90301;13;814;494;3;64;136;54;126;73;9;29
Wien Innen-Süd;Landstraße;90301;14;768;457;3;56;122;35;117;83;14;27
Wien Innen-Süd;Landstraße;90301;15;403;275;1;68;76;25;54;41;4;6
Wien Innen-Süd;Landstraße;90301;16;885;503;4;77;131;76;83;102;13;17
Wien Innen-Süd;Landstraße;90301;17;750;431;5;47;122;36;94;101;3;23
Wien Innen-Süd;Landstraße;90301;18;726;480;4;70;127;52;97;98;9;23
Wien Innen-Süd;Landstraße;90301;19;815;488;5;79;125;54;113;79;8;25
Wien Innen-Süd;Landstraße;90301;20;837;461;6;61;126;47;101;94;7;19
Wien Innen-Süd;Landstraße;90301;21;838;514;4;73;175;73;93;61;8;27
Wien Innen-Süd;Landstraße;90301;22;792;389;3;25;154;33;95;50;7;22
Wien Innen-Süd;Landstraße;90301;23;723;339;5;33;124;47;57;36;11;26
Wien Innen-Süd;Landstraße;90301;24;745;223;6;14;110;56;18;9;1;9
Wien Innen-Süd;Landstraße;90301;25;833;360;2;36;109;70;78;42;3;20
Wien Innen-Süd;Landstraße;90301;26;693;300;3;30;95;75;46;25;6;20
Wien Innen-Süd;Landstraße;90301;27;859;319;2;22;115;68;49;30;9;24
Wien Innen-Süd;Landstraße;90301;28;880;320;1;39;119;89;31;14;12;15
Wien Innen-Süd;Landstraße;90301;29;764;337;2;31;101;50;86;43;6;18
Wien Innen-Süd;Landstraße;90301;30;857;399;4;24;145;69;83;41;10;23
Wien Innen-Süd;Landstraße;90301;31;617;359;1;38;105;47;85;63;3;17
Wien Innen-Süd;Landstraße;90301;32;736;445;2;69;122;65;93;64;11;19
Wien Innen-Süd;Landstraße;90301;33;613;296;2;38;78;43;66;42;4;23
Wien Innen-Süd;Landstraße;90301;34;912;451;0;40;158;52;88;78;4;31
Wien Innen-Süd;Landstraße;90301;35;977;403;9;33;165;85;51;41;3;16
Wien Innen-Süd;Landstraße;90301;36;273;136;4;34;65;13;6;10;2;2
Wien Innen-Süd;Landstraße;90301;37;609;344;2;60;73;36;78;78;9;8
Wien Innen-Süd;Landstraße;90301;38;681;433;0;75;98;55;86;99;5;15
Wien Innen-Süd;Landstraße;90301;39;700;463;4;74;124;37;113;76;6;29
Wien Innen-Süd;Landstraße;90301;40;987;597;5;127;127;62;113;134;6;23
Wien Innen-Süd;Landstraße;90301;41;770;475;4;87;118;45;104;89;8;20
Wien Innen-Süd;Landstraße;90301;42;562;359;1;58;79;44;85;69;7;16
Wien Innen-Süd;Landstraße;90301;43;942;597;4;95;178;78;115;94;11;22
Wien Innen-Süd;Landstraße;90301;44;834;564;14;88;127;64;145;97;7;22
Wien Innen-Süd;Landstraße;90301;45;663;458;2;73;115;50;97;88;9;24
Wien Innen-Süd;Landstraße;90301;46;651;377;3;44;131;61;72;51;4;11
Wien Innen-Süd;Landstraße;90301;47;652;357;5;47;95;39;82;59;8;22
Wien Innen-Süd;Landstraße;90301;48;735;408;3;68;123;67;72;52;2;21
Wien Innen-Süd;Landstraße;90301;49;620;335;2;51;90;48;76;51;3;14
Wien Innen-Süd;Landstraße;90301;50;575;287;0;38;85;39;66;37;1;21
Wien Innen-Süd;Landstraße;90301;51;976;621;10;97;210;71;114;74;9;36
Wien Innen-Süd;Landstraße;90301;52;981;503;3;31;191;51;114;76;11;26
Wien Innen-Süd;Landstraße;90301;53;448;156;2;8;67;41;16;12;4;6
Wien Innen-Süd;Landstraße;90301;54;818;465;3;85;80;98;76;94;13;16
Wien Innen-Süd;Landstraße;90301;55;741;464;1;84;119;42;73;117;12;16
Wien Innen-Süd;Landstraße;90301;56;991;684;4;137;146;67;147;152;12;19
Wien Innen-Süd;Landstraße;90301;57;773;385;1;92;94;47;67;73;3;8
Wien Innen-Süd;Landstraße;90301;58;516;273;1;58;68;52;38;40;6;10
Wien Innen-Süd;Landstraße;90301;59;934;548;3;96;154;45;105;119;6;20
Wien Innen-Süd;Landstraße;90301;60;794;403;2;44;107;63;98;62;7;20
Wien Innen-Süd;Landstraße;90301;61;850;447;2;55;111;53;115;82;7;22
Wien Innen-Süd;Landstraße;90301;62;613;297;1;21;91;48;72;41;5;18
Wien Innen-Süd;Landstraße;90301;63;639;320;1;35;91;54;61;60;6;12
Wien Innen-Süd;Landstraße;90301;64;740;339;4;45;96;45;75;42;7;25
Wien Innen-Süd;Landstraße;90301;65;753;368;6;62;105;54;70;45;10;16
Wien Innen-Süd;Landstraße;90301;66;652;188;1;7;80;64;12;12;4;8
Wien Innen-Süd;Landstraße;90301;67;723;289;4;45;88;83;26;29;6;8
Wien Innen-Süd;Landstraße;90301;68;623;393;4;63;112;53;85;54;5;17
Wien Innen-Süd;Landstraße;90301;69;925;417;5;63;123;43;87;61;6;29
Wien Innen-Süd;Landstraße;90301;70;488;264;0;16;103;41;53;35;5;11
Wien Innen-Süd;Landstraße;90301;71;776;448;1;56;144;39;99;65;8;36
Wien Innen-Süd;Landstraße;90301;72;583;322;4;35;107;24;87;51;1;13
Wien Innen-Süd;Landstraße;90301;73;521;205;3;24;62;35;27;45;1;8
Wien Innen-Süd;Landstraße;90301;74;1019;513;2;109;104;48;127;98;7;18
Wien Innen-Süd;Landstraße;90301;75;1031;453;5;34;169;49;92;83;2;19
Wien Innen-Süd;Wieden;90401;1;841;575;1;101;125;48;122;155;8;15
Wien Innen-Süd;Wieden;90401;2;1171;637;1;131;173;49;144;95;15;29
Wien Innen-Süd;Wieden;90401;3;766;483;4;104;97;57;68;128;4;21
Wien Innen-Süd;Wieden;90401;4;865;530;4;74;160;48;116;95;15;18
Wien Innen-Süd;Wieden;90401;5;763;438;2;48;139;43;102;76;7;21
Wien Innen-Süd;Wieden;90401;6;879;557;4;61;155;57;140;98;10;32
Wien Innen-Süd;Wieden;90401;7;962;623;3;83;170;50;159;120;7;31
Wien Innen-Süd;Wieden;90401;8;902;609;5;84;139;68;157;121;9;26
Wien Innen-Süd;Wieden;90401;9;684;403;3;52;123;51;83;73;5;13
Wien Innen-Süd;Wieden;90401;10;199;88;6;27;36;9;3;4;0;3
Wien Innen-Süd;Wieden;90401;11;759;489;4;72;113;56;106;117;10;11
Wien Innen-Süd;Wieden;90401;12;669;309;2;30;100;50;58;47;5;17
Wien Innen-Süd;Wieden;90401;13;901;604;7;78;156;73;161;95;6;28
Wien Innen-Süd;Wieden;90401;14;783;509;2;79;143;51;128;77;6;23
Wien Innen-Süd;Wieden;90401;15;563;361;3;66;84;36;84;68;3;17
Wien Innen-Süd;Wieden;90401;16;635;364;0;65;93;41;80;62;11;12
Wien Innen-Süd;Wieden;90401;17;1349;493;2;56;147;68;121;62;9;28
Wien Innen-Süd;Wieden;90401;18;647;438;3;65;104;38;105;102;7;14
Wien Innen-Süd;Wieden;90401;19;747;470;1;73;120;52;119;70;6;29
Wien Innen-Süd;Wieden;90401;20;646;397;6;57;99;48;95;65;4;23
Wien Innen-Süd;Wieden;90401;21;570;348;3;72;101;63;54;37;3;15
Wien Innen-Süd;Wieden;90401;22;731;491;3;123;105;54;83;98;5;20
Wien Innen-Süd;Wieden;90401;23;599;297;0;40;94;50;57;33;3;20
Wien Innen-Süd;Wieden;90401;24;700;464;4;102;104;38;107;81;16;12
Wien Innen-Süd;Wieden;90401;25;771;479;2;71;137;42;117;88;4;18
Wien Innen-Süd;Wieden;90401;26;657;414;1;65;126;28;109;59;6;20
Wien Innen-Süd;Margareten;90501;1;538;358;1;29;106;33;98;62;13;16
Wien Innen-Süd;Margareten;90501;2;660;386;2;52;91;38;104;63;3;33
Wien Innen-Süd;Margareten;90501;3;515;279;4;32;83;24;66;47;10;13
Wien Innen-Süd;Margareten;90501;4;597;381;1;49;110;23;106;69;7;16
Wien Innen-Süd;Margareten;90501;5;675;436;2;28;125;34;146;66;5;30
Wien Innen-Süd;Margareten;90501;6;638;376;2;58;106;45;83;56;5;21
Wien Innen-Süd;Margareten;90501;7;506;348;4;36;92;29;84;70;5;28
Wien Innen-Süd;Margareten;90501;8;664;405;7;35;118;33;125;58;5;24
Wien Innen-Süd;Margareten;90501;9;735;443;4;68;128;38;110;62;7;26
Wien Innen-Süd;Margareten;90501;10;877;472;2;58;111;30;155;91;4;21
Wien Innen-Süd;Margareten;90501;11;682;413;6;44;146;45;105;37;6;24
Wien Innen-Süd;Margareten;90501;12;625;291;3;21;100;28;77;31;7;24
Wien Innen-Süd;Margareten;90501;13;626;349;4;29;104;28;97;42;7;38
Wien Innen-Süd;Margareten;90501;14;698;418;1;42;93;53;132;73;3;21
Wien Innen-Süd;Margareten;90501;15;495;267;1;18;75;24;87;36;2;24
Wien Innen-Süd;Margareten;90501;16;743;374;3;26;116;44;102;44;4;35
Wien Innen-Süd;Margareten;90501;17;863;526;6;42;151;43;163;75;5;41
Wien Innen-Süd;Margareten;90501;18;490;212;1;22;78;30;41;23;3;14
Wien Innen-Süd;Margareten;90501;19;854;435;1;38;127;69;107;54;7;32
Wien Innen-Süd;Margareten;90501;20;213;52;1;10;28;10;2;0;0;1
Wien Innen-Süd;Margareten;90501;21;814;326;2;40;122;71;44;21;4;22
Wien Innen-Süd;Margareten;90501;22;830;449;4;40;145;58;113;49;6;34
Wien Innen-Süd;Margareten;90501;23;503;198;2;21;71;36;36;12;6;14
Wien Innen-Süd;Margareten;90501;24;792;256;2;30;99;59;27;16;3;20
Wien Innen-Süd;Margareten;90501;25;897;463;2;45;130;58;115;68;11;34
Wien Innen-Süd;Margareten;90501;26;461;259;3;28;74;21;73;30;2;28
Wien Innen-Süd;Margareten;90501;27;817;439;6;40;128;80;96;54;8;27
Wien Innen-Süd;Margareten;90501;28;872;490;4;39;131;36;164;80;5;31
Wien Innen-Süd;Margareten;90501;29;395;247;2;18;64;21;84;36;7;15
Wien Innen-Süd;Margareten;90501;30;901;478;3;51;137;45;109;92;12;29
Wien Innen-Süd;Margareten;90501;31;644;196;2;15;90;57;4;12;3;13
Wien Innen-Süd;Margareten;90501;32;715;222;1;19;96;64;21;7;0;14
Wien Innen-Süd;Margareten;90501;33;717;344;1;37;97;66;70;42;4;27
Wien Innen-Süd;Margareten;90501;34;403;196;5;29;55;28;47;19;1;12
Wien Innen-Süd;Margareten;90501;35;922;371;4;46;112;49;82;44;7;27
Wien Innen-Süd;Margareten;90501;36;761;452;6;49;127;62;112;45;12;39
Wien Innen-Süd;Margareten;90501;37;584;353;4;74;93;33;87;44;3;15
Wien Innen-Süd;Margareten;90501;38;805;471;3;52;124;47;152;67;5;21
Wien Innen-Süd;Margareten;90501;39;911;496;2;56;147;51;118;75;12;35
Wien Innen-Süd;Margareten;90501;40;550;328;2;31;90;51;80;43;9;22
Wien Innen-Süd;Margareten;90501;41;552;340;5;28;82;23;98;60;10;34
Wien Innen-Süd;Margareten;90501;42;507;319;1;32;93;37;87;49;5;15
Wien Innen-Süd;Margareten;90501;43;462;173;6;22;60;35;20;10;5;15
Wien Innen-Süd;Margareten;90501;44;443;231;1;24;52;29;66;39;1;19
Wien Innen-West;Mariahilf;90601;1;538;330;1;48;84;41;86;40;8;22
Wien Innen-West;Mariahilf;90601;2;681;413;2;43;122;53;107;59;4;23
Wien Innen-West;Mariahilf;90601;3;845;510;3;58;161;47;123;77;16;25
Wien Innen-West;Mariahilf;90601;4;599;349;4;45;89;31;103;56;3;18
Wien Innen-West;Mariahilf;90601;5;725;243;5;27;64;34;58;39;5;11
Wien Innen-West;Mariahilf;90601;6;742;422;2;40;131;27;122;71;3;26
Wien Innen-West;Mariahilf;90601;7;659;371;2;26;126;30;111;45;3;28
Wien Innen-West;Mariahilf;90601;8;549;331;3;60;98;24;86;35;10;15
Wien Innen-West;Mariahilf;90601;9;687;436;9;46;131;51;123;58;2;16
Wien Innen-West;Mariahilf;90601;10;740;465;4;78;108;39;131;81;9;15
Wien Innen-West;Mariahilf;90601;11;621;364;0;65;96;28;95;56;4;20
Wien Innen-West;Mariahilf;90601;12;823;525;3;53;167;51;140;75;8;28
Wien Innen-West;Mariahilf;90601;13;691;429;3;66;122;43;99;59;7;30
Wien Innen-West;Mariahilf;90601;14;634;358;4;32;105;47;92;54;7;17
Wien Innen-West;Mariahilf;90601;15;626;388;4;38;115;38;101;62;4;26
Wien Innen-West;Mariahilf;90601;16;1119;550;4;72;145;57;137;97;4;34
Wien Innen-West;Mariahilf;90601;17;738;448;1;61;123;33;119;84;7;20
Wien Innen-West;Mariahilf;90601;18;631;346;1;51;83;52;77;56;2;24
Wien Innen-West;Mariahilf;90601;19;603;403;1;38;87;45;130;77;5;20
Wien Innen-West;Mariahilf;90601;20;683;413;2;62;109;38;96;80;7;19
Wien Innen-West;Mariahilf;90601;21;728;466;1;60;140;28;125;67;11;34
Wien Innen-West;Mariahilf;90601;22;669;392;3;52;106;44;91;71;11;14
Wien Innen-West;Mariahilf;90601;23;497;278;0;30;90;27;61;42;3;25
Wien Innen-West;Mariahilf;90601;24;470;263;0;32;86;20;67;38;3;17
Wien Innen-West;Mariahilf;90601;25;752;506;7;77;134;42;127;88;5;26
Wien Innen-West;Mariahilf;90601;26;699;439;2;59;114;43;124;66;6;25
Wien Innen-West;Mariahilf;90601;27;712;385;0;27;114;28;144;42;1;29
Wien Innen-West;Mariahilf;90601;28;837;418;2;58;117;70;86;47;13;25
Wien Innen-West;Neubau;90701;1;708;449;2;59;114;35;120;87;9;23
Wien Innen-West;Neubau;90701;2;685;441;3;40;108;33;132;89;4;32
Wien Innen-West;Neubau;90701;3;632;423;2;55;101;46;116;87;7;9
Wien Innen-West;Neubau;90701;4;656;423;2;50;104;25;135;81;12;14
Wien Innen-West;Neubau;90701;5;731;431;4;46;96;34;140;87;2;22
Wien Innen-West;Neubau;90701;6;716;425;1;54;114;24;124;68;11;29
Wien Innen-West;Neubau;90701;7;939;648;5;53;134;43;239;110;13;51
Wien Innen-West;Neubau;90701;8;927;539;5;67;128;53;163;91;5;27
Wien Innen-West;Neubau;90701;9;437;247;2;26;66;30;75;35;3;10
Wien Innen-West;Neubau;90701;10;853;513;6;50;166;35;136;76;12;32
Wien Innen-West;Neubau;90701;11;906;528;3;55;130;27;170;90;12;41
Wien Innen-West;Neubau;90701;12;918;567;6;63;131;40;162;121;11;33
Wien Innen-West;Neubau;90701;13;901;635;2;81;162;42;199;108;11;30
Wien Innen-West;Neubau;90701;14;643;410;4;34;117;33;128;67;7;20
Wien Innen-West;Neubau;90701;15;1070;645;4;79;215;85;143;90;9;20
Wien Innen-West;Neubau;90701;16;833;524;2;51;140;42;158;88;4;39
Wien Innen-West;Neubau;90701;17;942;592;2;51;184;35;187;93;7;33
Wien Innen-West;Neubau;90701;18;834;550;6;76;110;36;181;97;7;37
Wien Innen-West;Neubau;90701;19;770;505;2;56;153;44;136;76;8;30
Wien Innen-West;Neubau;90701;20;644;420;1;56;103;30;125;72;2;31
Wien Innen-West;Neubau;90701;21;722;479;3;61;130;39;137;77;3;29
Wien Innen-West;Neubau;90701;22;678;386;0;39;93;37;123;64;4;26
Wien Innen-West;Neubau;90701;23;616;376;1;20;115;33;125;51;4;27
Wien Innen-West;Neubau;90701;24;639;405;3;33;112;30;137;70;7;13
Wien Innen-West;Neubau;90701;25;671;401;0;38;98;31;140;67;4;23
Wien Innen-West;Neubau;90701;26;810;492;5;54;135;41;146;67;4;40
Wien Innen-West;Josefstadt;90801;1;457;315;2;56;75;33;68;65;2;14
Wien Innen-West;Josefstadt;90801;2;553;349;3;76;54;47;78;74;5;12
Wien Innen-West;Josefstadt;90801;3;463;296;3;43;60;44;63;62;7;14
Wien Innen-West;Josefstadt;90801;4;766;519;2;82;138;50;121;95;12;19
Wien Innen-West;Josefstadt;90801;5;691;465;1;85;116;47;103;89;7;17
Wien Innen-West;Josefstadt;90801;6;671;463;4;86;107;38;103;98;6;21
Wien Innen-West;Josefstadt;90801;7;641;422;0;71;100;38;112;77;4;20
Wien Innen-West;Josefstadt;90801;8;1108;695;3;133;165;46;184;129;9;26
Wien Innen-West;Josefstadt;90801;9;762;512;2;68;135;41;142;85;11;28
Wien Innen-West;Josefstadt;90801;10;670;458;0;55;104;45;120;113;7;14
Wien Innen-West;Josefstadt;90801;11;746;496;3;67;130;43;130;82;9;32
Wien Innen-West;Josefstadt;90801;12;551;358;3;57;97;28;89;68;4;12
Wien Innen-West;Josefstadt;90801;13;492;345;3;49;89;37;79;61;3;24
Wien Innen-West;Josefstadt;90801;14;813;592;5;108;138;49;139;121;8;24
Wien Innen-West;Josefstadt;90801;15;796;542;4;74;148;56;139;86;9;26
Wien Innen-West;Josefstadt;90801;16;663;454;2;71;115;30;110;93;12;21
Wien Innen-West;Josefstadt;90801;17;750;433;2;42;120;39;114;77;10;29
Wien Innen-West;Josefstadt;90801;18;767;476;6;73;125;49;99;85;8;31
Wien Innen-West;Josefstadt;90801;19;533;348;5;44;84;34;93;62;7;19
Wien Innen-West;Josefstadt;90801;20;759;511;5;98;128;35;123;81;13;28
Wien Innen-West;Josefstadt;90801;21;823;518;10;77;142;53;133;75;1;27
Wien Innen-West;Josefstadt;90801;22;708;418;2;44;121;31;127;65;5;23
Wien Innen-West;Alsergrund;90901;1;788;490;4;95;102;35;94;124;13;23
Wien Innen-West;Alsergrund;90901;2;577;392;1;73;87;32;115;67;8;9
Wien Innen-West;Alsergrund;90901;3;768;477;2;56;135;33;137;78;9;27
Wien Innen-West;Alsergrund;90901;4;664;459;4;83;106;53;99;91;1;22
Wien Innen-West;Alsergrund;90901;5;625;400;5;74;106;46;92;59;4;14
Wien Innen-West;Alsergrund;90901;6;812;552;5;70;134;54;140;110;13;26
Wien Innen-West;Alsergrund;90901;7;705;394;3;56;115;39;88;71;11;11
Wien Innen-West;Alsergrund;90901;8;709;468;1;79;100;45;126;82;3;32
Wien Innen-West;Alsergrund;90901;9;672;451;5;64;106;35;124;83;9;25
Wien Innen-West;Alsergrund;90901;10;1089;588;2;82;132;58;169;99;11;35
Wien Innen-West;Alsergrund;90901;11;573;253;1;26;96;46;26;26;9;23
Wien Innen-West;Alsergrund;90901;12;815;496;1;47;156;45;120;85;10;32
Wien Innen-West;Alsergrund;90901;13;885;380;4;44;126;42;88;53;3;20
Wien Innen-West;Alsergrund;90901;14;890;478;6;40;150;58;113;67;12;32
Wien Innen-West;Alsergrund;90901;15;907;473;2;54;140;48;125;73;3;28
Wien Innen-West;Alsergrund;90901;16;938;512;3;54;139;48;136;84;12;36
Wien Innen-West;Alsergrund;90901;17;612;317;3;44;93;40;77;36;8;16
Wien Innen-West;Alsergrund;90901;18;751;460;3;53;117;58;118;75;11;25
Wien Innen-West;Alsergrund;90901;19;701;418;3;36;138;30;110;75;5;21
Wien Innen-West;Alsergrund;90901;20;610;382;2;47;102;38;102;57;5;29
Wien Innen-West;Alsergrund;90901;21;667;416;2;63;116;38;95;77;8;17
Wien Innen-West;Alsergrund;90901;22;800;522;3;89;127;50;148;76;3;26
Wien Innen-West;Alsergrund;90901;23;791;531;2;66;127;43;154;109;11;19
Wien Innen-West;Alsergrund;90901;24;784;484;6;63;140;49;119;65;5;37
Wien Innen-West;Alsergrund;90901;25;838;559;2;89;129;33;151;124;5;26
Wien Innen-West;Alsergrund;90901;26;704;463;1;74;115;36;99;106;9;23
Wien Innen-West;Alsergrund;90901;27;723;450;2;76;99;38;124;89;5;17
Wien Innen-West;Alsergrund;90901;28;696;411;0;79;79;35;95;99;5;19
Wien Innen-West;Alsergrund;90901;29;651;408;4;70;103;38;91;79;6;17
Wien Innen-West;Alsergrund;90901;30;722;469;3;110;89;49;83;98;11;26
Wien Innen-West;Alsergrund;90901;31;625;393;2;66;95;50;86;75;6;13
Wien Innen-West;Alsergrund;90901;32;796;452;4;47;124;40;136;76;5;20
Wien Innen-West;Alsergrund;90901;33;491;264;2;34;69;16;64;60;2;17
Wien Innen-West;Alsergrund;90901;34;578;306;0;34;80;45;79;44;2;22
Wien Innen-West;Alsergrund;90901;35;0;0;0;0;0;0;0;0;0;0
Wien Innen-West;Alsergrund;90901;36;0;0;0;0;0;0;0;0;0;0
Wien Süd;Favoriten;91001;1;698;250;4;32;94;58;29;22;1;10
Wien Süd;Favoriten;91001;2;776;354;5;45;116;69;57;29;9;24
Wien Süd;Favoriten;91001;3;745;322;1;62;94;62;44;33;2;24
Wien Süd;Favoriten;91001;4;736;355;3;56;107;46;68;48;3;24
Wien Süd;Favoriten;91001;5;443;154;1;21;54;35;20;10;1;12
Wien Süd;Favoriten;91001;6;523;213;3;28;68;52;33;21;2;6
Wien Süd;Favoriten;91001;7;623;266;4;31;94;61;33;17;10;16
Wien Süd;Favoriten;91001;8;716;279;2;31;90;71;46;20;2;17
Wien Süd;Favoriten;91001;9;807;379;5;28;136;65;67;51;6;21
Wien Süd;Favoriten;91001;10;569;239;3;31;88;45;35;22;4;11
Wien Süd;Favoriten;91001;11;672;283;5;32;105;79;27;21;3;11
Wien Süd;Favoriten;91001;12;695;266;4;36;106;82;9;11;6;12
Wien Süd;Favoriten;91001;13;782;174;5;10;65;68;10;9;3;4
Wien Süd;Favoriten;91001;14;694;198;4;13;84;39;26;17;3;12
Wien Süd;Favoriten;91001;15;728;275;5;38;99;59;24;22;3;25
Wien Süd;Favoriten;91001;16;622;205;1;22;61;47;37;22;5;10
Wien Süd;Favoriten;91001;17;586;216;2;24;70;56;37;14;1;12
Wien Süd;Favoriten;91001;18;516;172;2;21;53;59;18;7;0;12
Wien Süd;Favoriten;91001;19;412;180;5;21;38;33;42;19;4;18
Wien Süd;Favoriten;91001;20;563;269;0;52;77;47;52;20;5;16
Wien Süd;Favoriten;91001;21;415;185;3;39;50;27;33;15;3;15
Wien Süd;Favoriten;91001;22;577;210;3;27;58;58;25;22;1;16
Wien Süd;Favoriten;91001;23;425;122;1;8;40;49;12;4;5;3
Wien Süd;Favoriten;91001;24;1022;199;1;16;77;68;17;7;3;10
Wien Süd;Favoriten;91001;25;545;280;1;52;69;44;57;37;2;18
Wien Süd;Favoriten;91001;26;502;157;0;23;42;40;22;13;4;13
Wien Süd;Favoriten;91001;27;622;212;2;23;68;55;18;18;6;22
Wien Süd;Favoriten;91001;28;585;255;4;24;73;88;24;26;6;10
Wien Süd;Favoriten;91001;29;746;174;2;12;64;81;4;3;1;7
Wien Süd;Favoriten;91001;30;598;171;2;23;63;50;8;17;1;7
Wien Süd;Favoriten;91001;31;907;312;5;40;117;89;24;18;1;18
Wien Süd;Favoriten;91001;32;762;196;3;15;96;38;17;14;1;12
Wien Süd;Favoriten;91001;33;625;193;3;16;61;63;30;11;3;6
Wien Süd;Favoriten;91001;34;469;117;4;14;45;20;15;10;1;8
Wien Süd;Favoriten;91001;35;568;236;9;28;70;39;45;25;6;14
Wien Süd;Favoriten;91001;36;376;124;0;14;36;21;24;17;5;7
Wien Süd;Favoriten;91001;37;406;141;0;21;49;29;21;10;2;9
Wien Süd;Favoriten;91001;38;710;247;2;32;64;59;41;27;6;16
Wien Süd;Favoriten;91001;39;540;201;2;45;61;43;20;13;5;12
Wien Süd;Favoriten;91001;40;677;259;3;31;87;52;42;19;8;17
Wien Süd;Favoriten;91001;41;734;311;0;57;88;74;38;37;7;10
Wien Süd;Favoriten;91001;42;966;360;5;60;132;97;14;32;3;17
Wien Süd;Favoriten;91001;43;855;384;2;50;135;58;60;47;7;25
Wien Süd;Favoriten;91001;44;599;215;0;28;66;55;33;16;5;12
Wien Süd;Favoriten;91001;45;848;293;1;39;92;59;47;35;2;18
Wien Süd;Favoriten;91001;46;740;307;9;49;109;50;44;31;2;13
Wien Süd;Favoriten;91001;47;754;330;5;49;119;73;27;34;5;18
Wien Süd;Favoriten;91001;48;727;306;0;37;111;70;29;26;11;22
Wien Süd;Favoriten;91001;49;341;120;5;12;38;21;18;14;2;10
Wien Süd;Favoriten;91001;50;541;192;1;14;72;44;23;14;4;20
Wien Süd;Favoriten;91001;51;374;143;3;16;40;33;20;17;4;10
Wien Süd;Favoriten;91001;52;555;263;5;29;81;60;40;14;6;28
Wien Süd;Favoriten;91001;53;438;160;1;19;41;40;26;15;3;15
Wien Süd;Favoriten;91001;54;685;229;1;19;82;85;16;6;1;19
Wien Süd;Favoriten;91001;55;648;215;4;21;61;62;38;15;5;9
Wien Süd;Favoriten;91001;56;802;291;4;39;85;90;32;22;2;17
Wien Süd;Favoriten;91001;57;951;365;7;32;130;87;41;43;8;17
Wien Süd;Favoriten;91001;58;843;318;1;26;120;66;38;38;6;23
Wien Süd;Favoriten;91001;59;802;233;4;26;83;70;12;16;6;16
Wien Süd;Favoriten;91001;60;706;204;2;30;56;65;25;9;3;14
Wien Süd;Favoriten;91001;61;651;285;4;57;85;60;32;26;5;16
Wien Süd;Favoriten;91001;62;666;248;2;29;80;73;28;17;4;15
Wien Süd;Favoriten;91001;63;799;330;3;59;95;89;29;32;6;17
Wien Süd;Favoriten;91001;64;843;347;4;43;105;106;36;30;7;16
Wien Süd;Favoriten;91001;65;579;208;1;17;74;73;9;18;4;12
Wien Süd;Favoriten;91001;66;658;220;3;29;71;70;19;10;8;10
Wien Süd;Favoriten;91001;67;756;320;5;60;94;96;24;25;6;10
Wien Süd;Favoriten;91001;68;663;252;2;40;99;52;17;26;5;11
Wien Süd;Favoriten;91001;69;764;359;3;50;123;104;27;25;7;20
Wien Süd;Favoriten;91001;70;800;357;5;59;147;71;28;33;3;11
Wien Süd;Favoriten;91001;71;673;213;1;25;88;41;29;18;1;10
Wien Süd;Favoriten;91001;72;799;291;2;30;118;70;27;24;5;15
Wien Süd;Favoriten;91001;73;710;175;1;18;67;33;21;12;3;20
Wien Süd;Favoriten;91001;74;808;272;6;44;105;78;8;21;1;9
Wien Süd;Favoriten;91001;75;850;306;2;26;121;78;38;25;6;10
Wien Süd;Favoriten;91001;76;743;256;3;24;100;85;14;12;6;12
Wien Süd;Favoriten;91001;77;577;223;4;35;79;63;11;18;4;9
Wien Süd;Favoriten;91001;78;584;164;1;20;63;57;5;7;3;8
Wien Süd;Favoriten;91001;79;728;321;6;49;122;94;13;25;5;7
Wien Süd;Favoriten;91001;80;723;251;5;30;101;68;16;9;7;15
Wien Süd;Favoriten;91001;81;848;215;5;19;83;71;8;14;5;10
Wien Süd;Favoriten;91001;82;574;136;1;6;60;54;9;2;0;4
Wien Süd;Favoriten;91001;83;806;167;1;9;91;41;7;8;2;8
Wien Süd;Favoriten;91001;84;791;308;5;51;105;94;23;20;4;6
Wien Süd;Favoriten;91001;85;917;363;6;45;128;93;37;30;8;16
Wien Süd;Favoriten;91001;86;784;268;5;36;96;81;19;16;6;9
Wien Süd;Favoriten;91001;87;775;298;4;40;92;86;27;22;9;18
Wien Süd;Favoriten;91001;88;835;312;2;49;101;68;37;34;9;12
Wien Süd;Favoriten;91001;89;760;286;6;44;105;62;29;20;4;16
Wien Süd;Favoriten;91001;90;1051;480;6;59;164;128;44;46;11;22
Wien Süd;Favoriten;91001;91;979;381;8;30;132;119;40;30;5;17
Wien Süd;Favoriten;91001;92;1072;450;8;55;113;157;40;39;5;33
Wien Süd;Favoriten;91001;93;978;577;7;88;175;126;80;77;12;12
Wien Süd;Favoriten;91001;94;899;578;14;104;180;131;72;54;11;12
Wien Süd;Favoriten;91001;95;876;454;11;59;134;166;25;35;6;18
Wien Süd;Favoriten;91001;96;961;477;3;63;160;151;38;38;3;21
Wien Süd;Favoriten;91001;97;437;165;0;15;65;44;13;11;7;10
Wien Süd;Favoriten;91001;98;635;208;1;21;85;68;14;12;0;7
Wien Süd;Favoriten;91001;99;576;205;5;22;82;64;10;16;1;5
Wien Süd;Favoriten;91001;100;1253;549;2;62;207;165;39;43;11;20
Wien Süd;Favoriten;91001;101;1133;339;9;38;120;114;20;19;7;12
Wien Süd;Favoriten;91001;102;721;180;2;13;69;71;11;4;3;7
Wien Süd;Favoriten;91001;103;599;215;4;27;70;76;19;10;1;8
Wien Süd;Favoriten;91001;104;873;434;3;57;124;86;56;72;16;20
Wien Süd;Favoriten;91001;105;736;395;5;52;131;74;45;55;11;22
Wien Süd;Favoriten;91001;106;264;140;9;22;68;30;2;7;1;1
Wien Süd;Favoriten;91001;107;756;355;4;26;119;114;31;35;10;16
Wien Süd;Favoriten;91001;108;829;404;13;39;138;91;55;42;9;17
Wien Süd;Favoriten;91001;109;849;436;6;40;143;169;25;31;7;15
Wien Süd;Favoriten;91001;110;769;264;2;27;92;104;9;10;3;17
Wien Süd;Favoriten;91001;111;560;229;6;28;56;102;6;14;9;8
Wien Süd;Favoriten;91001;112;517;221;2;21;74;86;14;9;11;4
Wien Süd;Favoriten;91001;113;568;256;3;26;77;87;32;11;8;12
Wien Süd;Favoriten;91001;114;789;335;4;37;128;127;18;10;3;8
Wien Süd;Favoriten;91001;115;1016;315;12;39;107;107;12;11;7;20
Wien Süd;Favoriten;91001;116;676;296;3;46;121;84;17;19;3;3
Wien Süd;Favoriten;91001;117;768;348;7;51;116;99;22;31;3;19
Wien Süd;Favoriten;91001;118;666;327;0;31;111;151;16;13;2;3
Wien Süd;Favoriten;91001;119;727;374;9;36;113;139;27;30;8;12
Wien Süd;Favoriten;91001;120;920;420;5;45;133;159;30;31;11;6
Wien Süd;Favoriten;91001;121;660;228;4;30;73;76;17;14;2;12
Wien Süd;Favoriten;91001;122;265;151;5;26;87;22;2;7;0;2
Wien Süd;Favoriten;91001;123;842;320;6;38;125;100;12;17;11;11
Wien Süd;Favoriten;91001;124;918;327;3;38;129;124;11;8;6;8
Wien Süd;Favoriten;91001;125;779;257;6;35;101;72;13;10;4;16
Wien Süd;Favoriten;91001;126;681;230;3;30;83;80;18;8;3;5
Wien Süd;Favoriten;91001;127;801;305;7;39;104;110;12;14;8;11
Wien Süd;Favoriten;91001;128;739;216;3;25;80;77;9;11;4;7
Wien Süd;Favoriten;91001;129;1014;507;10;65;140;190;30;43;13;16
Wien Süd;Favoriten;91001;130;252;186;3;80;58;19;4;19;0;3
Wien Süd;Favoriten;91001;131;763;490;3;105;114;88;56;92;18;14
Wien Süd;Favoriten;91001;132;851;525;10;125;115;121;39;84;15;16
Wien Süd;Favoriten;91001;133;955;561;16;91;139;130;59;91;14;21
Wien Süd;Favoriten;91001;134;805;414;9;72;104;121;40;46;10;12
Wien Süd;Favoriten;91001;135;910;497;7;64;141;152;47;51;15;20
Wien Süd;Favoriten;91001;136;1092;614;4;104;181;134;66;79;16;30
Wien Süd;Favoriten;91001;137;1154;638;10;123;174;173;68;63;14;13
Wien Süd;Favoriten;91001;138;643;278;1;26;76;28;72;59;1;15
Wien Süd;Favoriten;91001;139;761;406;1;19;145;32;117;63;5;24
Wien Süd;Favoriten;91001;140;915;503;6;34;168;59;134;81;5;16
Wien Süd;Favoriten;91001;141;573;317;0;33;81;20;86;74;4;19
Wien Süd;Favoriten;91001;142;894;387;2;31;153;30;84;61;5;21
Wien Süd;Favoriten;91001;143;743;312;9;14;131;70;33;28;5;22
Wien Süd;Favoriten;91001;144;797;468;7;66;140;62;92;71;10;20
Wien Süd;Favoriten;91001;145;693;246;0;40;84;100;3;6;4;9
Wien Süd;Favoriten;91001;146;750;391;1;35;122;55;64;90;7;17
Wien Süd;Favoriten;91001;147;847;419;3;25;128;25;151;65;3;19
Wien Süd;Simmering;91101;1;756;207;2;17;71;63;18;14;4;18
Wien Süd;Simmering;91101;2;945;364;6;46;112;126;27;28;10;9
Wien Süd;Simmering;91101;3;785;303;3;32;107;109;14;16;8;14
Wien Süd;Simmering;91101;4;552;109;1;7;36;32;16;8;0;9
Wien Süd;Simmering;91101;5;913;345;5;31;108;109;23;34;14;21
Wien Süd;Simmering;91101;6;728;209;1;27;64;58;26;17;4;12
Wien Süd;Simmering;91101;7;808;271;4;17;94;118;10;14;6;8
Wien Süd;Simmering;91101;8;974;226;1;23;101;74;7;5;6;9
Wien Süd;Simmering;91101;9;779;230;3;21;83;88;8;10;2;15
Wien Süd;Simmering;91101;10;707;323;1;23;116;72;52;48;1;10
Wien Süd;Simmering;91101;11;809;364;4;28;124;63;70;53;1;21
Wien Süd;Simmering;91101;12;839;493;2;40;174;61;84;84;10;38
Wien Süd;Simmering;91101;13;631;330;0;36;125;48;53;42;12;14
Wien Süd;Simmering;91101;14;411;116;0;16;45;34;3;8;3;7
Wien Süd;Simmering;91101;15;451;113;0;8;49;42;11;1;1;1
Wien Süd;Simmering;91101;16;784;326;7;46;124;95;18;14;9;13
Wien Süd;Simmering;91101;17;471;178;0;34;48;49;22;12;3;10
Wien Süd;Simmering;91101;18;698;279;1;48;102;41;39;33;3;12
Wien Süd;Simmering;91101;19;290;156;4;16;60;29;21;13;1;12
Wien Süd;Simmering;91101;20;750;234;8;29;97;71;10;11;5;3
Wien Süd;Simmering;91101;21;838;339;6;42;144;68;36;27;8;8
Wien Süd;Simmering;91101;22;969;429;7;37;168;55;78;64;4;16
Wien Süd;Simmering;91101;23;740;332;3;18;155;100;15;18;9;14
Wien Süd;Simmering;91101;24;755;255;4;18;90;100;15;7;6;15
Wien Süd;Simmering;91101;25;786;322;3;31;114;71;40;26;9;28
Wien Süd;Simmering;91101;26;678;197;1;14;69;46;28;19;1;19
Wien Süd;Simmering;91101;27;816;246;7;22;91;87;12;14;1;12
Wien Süd;Simmering;91101;28;760;293;6;30;94;94;31;19;7;12
Wien Süd;Simmering;91101;29;589;194;0;19;68;60;16;13;3;15
Wien Süd;Simmering;91101;30;698;313;3;31;121;96;18;18;9;17
Wien Süd;Simmering;91101;31;685;301;0;62;92;59;40;31;3;14
Wien Süd;Simmering;91101;32;636;321;6;68;80;104;19;14;9;21
Wien Süd;Simmering;91101;33;936;500;11;67;149;174;39;39;7;14
Wien Süd;Simmering;91101;34;874;393;4;57;133;128;32;30;6;3
Wien Süd;Simmering;91101;35;766;186;1;10;56;82;11;9;5;12
Wien Süd;Simmering;91101;36;899;273;5;22;80;116;18;13;6;13
Wien Süd;Simmering;91101;37;797;353;5;27;117;92;42;38;12;20
Wien Süd;Simmering;91101;38;692;260;2;39;94;79;25;13;0;8
Wien Süd;Simmering;91101;39;1048;421;9;39;141;104;59;45;5;19
Wien Süd;Simmering;91101;40;878;273;4;30;93;95;11;19;3;18
Wien Süd;Simmering;91101;41;721;233;6;22;93;83;11;4;3;11
Wien Süd;Simmering;91101;42;781;259;7;16;92;108;12;10;3;11
Wien Süd;Simmering;91101;43;752;342;8;39;129;99;24;27;7;9
Wien Süd;Simmering;91101;44;939;347;5;32;136;106;28;24;7;9
Wien Süd;Simmering;91101;45;992;443;4;38;156;124;49;47;10;15
Wien Süd;Simmering;91101;46;809;309;6;31;113;105;24;16;1;13
Wien Süd;Simmering;91101;47;660;378;9;64;114;109;18;35;10;19
Wien Süd;Simmering;91101;48;820;351;1;47;116;92;39;36;6;14
Wien Süd;Simmering;91101;49;658;346;4;59;96;120;21;27;4;15
Wien Süd;Simmering;91101;50;833;347;5;83;69;111;29;31;10;9
Wien Süd;Simmering;91101;51;915;419;6;53;132;149;26;30;7;16
Wien Süd;Simmering;91101;52;719;224;3;16;65;107;6;15;7;5
Wien Süd;Simmering;91101;53;761;332;5;47;136;89;23;14;8;10
Wien Süd;Simmering;91101;54;624;366;4;47;123;118;25;25;12;12
Wien Süd;Simmering;91101;55;919;423;5;71;149;126;30;30;4;8
Wien Süd;Simmering;91101;56;644;222;5;24;79;90;7;4;5;8
Wien Süd;Simmering;91101;57;790;254;5;31;85;104;7;14;1;7
Wien Süd;Simmering;91101;58;813;277;2;28;83;117;12;16;13;6
Wien Süd;Simmering;91101;59;551;309;3;48;113;70;27;29;5;14
Wien Süd;Simmering;91101;60;1035;367;4;50;121;98;23;44;12;15
Wien Süd;Simmering;91101;61;712;225;3;23;81;81;8;10;9;10
Wien Süd;Simmering;91101;62;675;237;3;24;65;107;12;8;4;14
Wien Süd;Simmering;91101;63;773;239;4;22;79;104;0;7;4;19
Wien Süd;Simmering;91101;64;890;346;8;44;111;118;13;29;11;12
Wien Süd;Simmering;91101;65;665;286;9;24;74;127;21;19;7;5
Wien Süd;Simmering;91101;66;1005;448;5;50;137;172;23;31;11;19
Wien Süd;Simmering;91101;67;789;328;3;44;102;125;21;13;6;14
Wien Süd;Simmering;91101;68;923;280;8;21;105;92;18;14;6;16
Wien Süd;Simmering;91101;69;808;310;7;26;90;143;11;21;4;8
Wien Süd;Simmering;91101;70;565;213;2;28;64;66;12;25;5;11
Wien Süd;Simmering;91101;71;650;244;8;41;65;76;23;20;2;9
Wien Süd;Simmering;91101;72;1041;419;3;40;144;66;82;57;11;16
Wien Süd;Simmering;91101;73;943;437;8;76;113;146;33;41;11;9
Wien Süd;Simmering;91101;74;878;285;0;35;80;105;28;19;5;13
Wien Süd;Simmering;91101;75;846;317;1;22;117;70;45;34;4;24
Wien Süd;Simmering;91101;76;760;346;3;19;113;121;41;22;4;23
Wien Süd;Simmering;91101;77;600;235;2;27;65;75;19;32;3;12
Wien Süd;Meidling;91201;1;801;361;3;33;132;49;86;35;5;18
Wien Süd;Meidling;91201;2;872;400;3;45;127;58;82;56;7;22
Wien Süd;Meidling;91201;3;744;228;3;17;83;58;26;18;5;18
Wien Süd;Meidling;91201;4;775;359;2;30;109;49;88;46;6;29
Wien Süd;Meidling;91201;5;799;352;0;33;111;78;60;36;5;29
Wien Süd;Meidling;91201;6;858;316;4;39;100;74;43;28;4;24
Wien Süd;Meidling;91201;7;861;389;5;32;121;36;105;44;4;42
Wien Süd;Meidling;91201;8;870;383;8;58;113;86;47;41;6;24
Wien Süd;Meidling;91201;9;767;432;4;77;118;70;83;48;10;22
Wien Süd;Meidling;91201;10;902;503;4;73;130;57;139;70;2;28
Wien Süd;Meidling;91201;11;1044;604;7;66;231;122;83;58;12;25
Wien Süd;Meidling;91201;12;686;231;2;24;73;90;14;7;4;17
Wien Süd;Meidling;91201;13;903;319;7;16;119;90;38;25;6;18
Wien Süd;Meidling;91201;14;676;324;7;36;98;87;49;33;4;10
Wien Süd;Meidling;91201;15;1028;438;2;52;128;53;104;57;5;37
Wien Süd;Meidling;91201;16;711;316;2;38;85;57;67;40;5;22
Wien Süd;Meidling;91201;17;931;418;3;31;134;58;108;48;3;33
Wien Süd;Meidling;91201;18;900;260;5;15;102;46;54;19;3;16
Wien Süd;Meidling;91201;19;791;288;3;40;85;96;24;21;4;15
Wien Süd;Meidling;91201;20;568;162;7;13;68;28;23;12;1;10
Wien Süd;Meidling;91201;21;567;207;0;14;73;57;35;18;1;9
Wien Süd;Meidling;91201;22;725;372;3;37;108;58;80;49;4;33
Wien Süd;Meidling;91201;23;701;287;5;33;98;43;53;31;3;21
Wien Süd;Meidling;91201;24;683;300;1;37;120;51;49;25;8;9
Wien Süd;Meidling;91201;25;656;318;4;50;94;51;59;39;7;14
Wien Süd;Meidling;91201;26;701;293;5;25;89;63;40;42;6;23
Wien Süd;Meidling;91201;27;855;428;5;48;149;79;69;32;15;31
Wien Süd;Meidling;91201;28;937;392;10;42;154;78;42;45;6;15
Wien Süd;Meidling;91201;29;697;384;2;45;116;41;83;54;10;33
Wien Süd;Meidling;91201;30;837;461;7;87;113;59;102;59;8;26
Wien Süd;Meidling;91201;31;850;380;4;45;119;71;69;41;8;23
Wien Süd;Meidling;91201;32;1660;801;4;52;267;103;193;123;21;38
Wien Süd;Meidling;91201;33;954;469;7;63;126;58;107;81;9;18
Wien Süd;Meidling;91201;34;669;389;3;39;123;39;97;60;5;23
Wien Süd;Meidling;91201;35;668;336;4;44;106;46;60;46;12;18
Wien Süd;Meidling;91201;36;714;460;1;72;99;55;109;93;7;24
Wien Süd;Meidling;91201;37;615;365;1;63;85;44;92;48;9;23
Wien Süd;Meidling;91201;38;631;351;0;56;102;36;91;43;7;16
Wien Süd;Meidling;91201;39;864;480;6;42;142;59;128;67;12;24
Wien Süd;Meidling;91201;40;647;326;1;49;84;48;69;40;7;28
Wien Süd;Meidling;91201;41;832;270;1;22;104;75;25;18;5;20
Wien Süd;Meidling;91201;42;854;272;5;21;96;86;15;20;9;20
Wien Süd;Meidling;91201;43;926;349;2;26;138;111;24;19;4;25
Wien Süd;Meidling;91201;44;949;248;1;18;109;70;17;13;5;15
Wien Süd;Meidling;91201;45;943;523;5;66;175;125;56;55;15;26
Wien Süd;Meidling;91201;46;945;469;1;86;155;80;62;60;12;13
Wien Süd;Meidling;91201;47;914;243;7;17;88;86;21;11;2;11
Wien Süd;Meidling;91201;48;685;397;3;51;127;54;70;57;14;21
Wien Süd;Meidling;91201;49;824;445;1;85;112;74;73;71;9;20
Wien Süd;Meidling;91201;50;784;455;6;80;115;72;88;69;7;18
Wien Süd;Meidling;91201;51;641;421;2;79;112;55;72;83;9;9
Wien Süd;Meidling;91201;52;868;342;1;67;134;68;21;32;6;13
Wien Süd;Meidling;91201;53;779;310;4;52;113;87;24;18;3;9
Wien Süd;Meidling;91201;54;288;201;2;52;97;16;9;20;3;2
Wien Süd;Meidling;91201;55;955;230;7;26;83;83;9;6;6;10
Wien Süd;Meidling;91201;56;808;233;4;25;87;73;13;6;6;19
Wien Süd;Meidling;91201;57;903;211;4;24;87;52;9;5;7;23
Wien Süd;Meidling;91201;58;734;343;5;33;128;65;43;53;4;12
Wien Süd;Meidling;91201;59;739;279;4;24;99;70;26;35;8;13
Wien Süd;Meidling;91201;60;913;475;6;93;154;75;66;65;8;8
Wien Süd;Meidling;91201;61;862;453;7;43;155;86;84;57;7;14
Wien Süd;Meidling;91201;62;968;519;6;118;137;82;67;69;11;29
Wien Süd;Meidling;91201;63;306;159;4;35;74;25;8;10;0;3
Wien Süd;Meidling;91201;64;852;516;9;81;165;114;46;83;9;9
Wien Süd;Meidling;91201;65;754;472;10;64;160;99;50;54;18;17
Wien Süd;Meidling;91201;66;804;300;2;40;126;56;30;28;6;12
Wien Süd;Meidling;91201;67;629;329;5;57;106;77;33;33;4;14
Wien Süd-West;Hietzing;91301;1;776;470;4;112;102;79;78;67;15;13
Wien Süd-West;Hietzing;91301;2;810;476;6;113;99;53;86;102;4;13
Wien Süd-West;Hietzing;91301;3;843;517;7;133;118;84;80;77;7;11
Wien Süd-West;Hietzing;91301;4;656;403;3;83;88;50;72;86;8;13
Wien Süd-West;Hietzing;91301;5;1102;557;6;120;130;78;104;94;12;13
Wien Süd-West;Hietzing;91301;6;689;438;3;86;99;101;64;70;8;7
Wien Süd-West;Hietzing;91301;7;770;560;4;142;108;83;93;99;20;11
Wien Süd-West;Hietzing;91301;8;913;672;2;182;116;75;138;119;27;13
Wien Süd-West;Hietzing;91301;9;753;510;1;146;96;78;80;94;6;9
Wien Süd-West;Hietzing;91301;10;1057;644;3;139;165;97;110;105;14;11
Wien Süd-West;Hietzing;91301;11;840;513;5;124;160;65;59;86;7;7
Wien Süd-West;Hietzing;91301;12;565;279;1;51;75;45;47;42;3;15
Wien Süd-West;Hietzing;91301;13;859;559;5;139;108;59;110;105;14;19
Wien Süd-West;Hietzing;91301;14;971;556;3;95;162;58;97;100;21;20
Wien Süd-West;Hietzing;91301;15;940;606;3;144;127;69;109;122;16;16
Wien Süd-West;Hietzing;91301;16;972;677;4;206;105;79;111;150;12;10
Wien Süd-West;Hietzing;91301;17;887;516;6;111;121;65;96;82;14;21
Wien Süd-West;Hietzing;91301;18;1063;674;2;149;162;90;140;103;11;17
Wien Süd-West;Hietzing;91301;19;984;662;4;142;114;95;128;154;12;13
Wien Süd-West;Hietzing;91301;20;1118;695;5;176;122;98;101;158;13;22
Wien Süd-West;Hietzing;91301;21;1090;783;6;237;120;108;87;184;23;18
Wien Süd-West;Hietzing;91301;22;847;575;4;142;89;71;111;135;7;16
Wien Süd-West;Hietzing;91301;23;802;556;5;153;76;57;98;150;12;5
Wien Süd-West;Hietzing;91301;24;1083;425;4;63;146;106;36;38;3;29
Wien Süd-West;Hietzing;91301;25;863;545;2;167;111;62;93;86;8;16
Wien Süd-West;Hietzing;91301;26;865;505;2;139;126;66;63;86;9;14
Wien Süd-West;Hietzing;91301;27;987;562;5;92;188;101;81;72;5;18
Wien Süd-West;Hietzing;91301;28;921;592;8;170;98;77;98;115;15;11
Wien Süd-West;Hietzing;91301;29;1016;595;7;139;110;86;102;99;26;26
Wien Süd-West;Hietzing;91301;30;1040;609;3;131;136;116;96;98;12;17
Wien Süd-West;Hietzing;91301;31;948;521;6;86;129;117;73;78;19;13
Wien Süd-West;Hietzing;91301;32;725;400;2;82;90;69;62;67;13;15
Wien Süd-West;Hietzing;91301;33;902;591;6;154;100;70;99;139;15;8
Wien Süd-West;Hietzing;91301;34;950;606;5;135;147;90;93;96;20;20
Wien Süd-West;Hietzing;91301;35;977;640;8;168;130;76;104;117;24;13
Wien Süd-West;Hietzing;91301;36;1061;515;2;89;162;120;61;56;10;15
Wien Süd-West;Hietzing;91301;37;790;347;1;39;123;105;30;25;7;17
Wien Süd-West;Hietzing;91301;38;1064;660;9;155;139;78;107;127;19;26
Wien Süd-West;Hietzing;91301;39;877;538;1;130;127;63;88;99;13;17
Wien Süd-West;Hietzing;91301;40;985;522;6;93;126;83;83;100;9;22
Wien Süd-West;Hietzing;91301;41;918;523;9;124;114;63;94;94;11;14
Wien Süd-West;Hietzing;91301;42;0;0;0;0;0;0;0;0;0;0
Wien Süd-West;Hietzing;91301;43;0;0;0;0;0;0;0;0;0;0
Wien Süd-West;Hietzing;91301;44;0;0;0;0;0;0;0;0;0;0
Wien Süd-West;Penzing;91401;1;695;292;1;37;86;58;55;33;5;17
Wien Süd-West;Penzing;91401;2;839;483;4;75;144;80;98;61;9;12
Wien Süd-West;Penzing;91401;3;676;310;5;33;86;60;52;36;6;32
Wien Süd-West;Penzing;91401;4;719;371;4;54;101;45;97;43;6;21
Wien Süd-West;Penzing;91401;5;775;503;1;48;137;42;132;117;6;20
Wien Süd-West;Penzing;91401;6;876;591;5;84;135;37;180;121;9;20
Wien Süd-West;Penzing;91401;7;886;540;1;87;122;73;125;101;8;23
Wien Süd-West;Penzing;91401;8;1239;708;1;100;179;62;212;118;16;20
Wien Süd-West;Penzing;91401;9;799;345;3;31;98;69;81;35;4;24
Wien Süd-West;Penzing;91401;10;722;245;0;20;90;62;53;8;2;10
Wien Süd-West;Penzing;91401;11;748;445;4;33;128;53;149;42;11;25
Wien Süd-West;Penzing;91401;12;1003;473;7;67;157;94;78;52;2;16
Wien Süd-West;Penzing;91401;13;718;355;1;54;97;54;74;49;6;20
Wien Süd-West;Penzing;91401;14;987;437;6;67;154;98;41;49;8;14
Wien Süd-West;Penzing;91401;15;835;369;3;61;143;88;29;28;4;13
Wien Süd-West;Penzing;91401;16;867;464;7;44;162;78;97;38;10;28
Wien Süd-West;Penzing;91401;17;600;285;3;41;114;48;33;32;4;10
Wien Süd-West;Penzing;91401;18;204;85;0;18;46;15;3;2;0;1
Wien Süd-West;Penzing;91401;19;267;139;2;31;66;22;9;6;2;1
Wien Süd-West;Penzing;91401;20;816;341;4;51;113;93;36;24;4;16
Wien Süd-West;Penzing;91401;21;789;453;10;60;166;88;57;50;10;12
Wien Süd-West;Penzing;91401;22;777;386;5;60;116;94;55;36;5;15
Wien Süd-West;Penzing;91401;23;716;377;3;56;102;65;75;52;11;13
Wien Süd-West;Penzing;91401;24;881;473;8;88;130;118;55;47;12;15
Wien Süd-West;Penzing;91401;25;699;287;5;34;86;55;56;35;6;10
Wien Süd-West;Penzing;91401;26;846;583;5;126;171;62;84;106;18;11
Wien Süd-West;Penzing;91401;27;893;497;1;68;143;97;89;74;7;18
Wien Süd-West;Penzing;91401;28;893;559;4;97;138;76;128;93;13;10
Wien Süd-West;Penzing;91401;29;640;408;4;74;116;65;65;51;16;17
Wien Süd-West;Penzing;91401;30;774;375;3;53;122;69;69;37;5;17
Wien Süd-West;Penzing;91401;31;887;368;5;33;123;90;39;33;4;41
Wien Süd-West;Penzing;91401;32;895;376;4;31;111;107;50;42;5;26
Wien Süd-West;Penzing;91401;33;754;352;8;37;119;64;67;36;8;13
Wien Süd-West;Penzing;91401;34;851;330;5;19;135;86;38;17;7;23
Wien Süd-West;Penzing;91401;35;1204;695;7;126;205;105;129;90;12;21
Wien Süd-West;Penzing;91401;36;1083;595;6;93;215;89;76;84;13;19
Wien Süd-West;Penzing;91401;37;531;255;4;31;71;52;47;27;12;11
Wien Süd-West;Penzing;91401;38;757;398;4;87;97;68;60;60;8;14
Wien Süd-West;Penzing;91401;39;943;489;2;67;183;104;60;47;6;20
Wien Süd-West;Penzing;91401;40;1006;556;4;96;164;100;95;56;14;27
Wien Süd-West;Penzing;91401;41;741;371;5;40;130;88;47;33;12;16
Wien Süd-West;Penzing;91401;42;432;234;0;30;63;29;65;32;5;10
Wien Süd-West;Penzing;91401;43;607;361;4;35;108;54;87;58;3;12
Wien Süd-West;Penzing;91401;44;805;436;3;60;119;85;84;71;1;13
Wien Süd-West;Penzing;91401;45;788;320;5;46;98;84;31;30;8;18
Wien Süd-West;Penzing;91401;46;668;377;1;57;129;77;42;46;11;14
Wien Süd-West;Penzing;91401;47;727;277;4;39;97;83;27;14;2;11
Wien Süd-West;Penzing;91401;48;864;468;9;65;131;79;93;62;11;18
Wien Süd-West;Penzing;91401;49;515;327;5;60;98;59;34;56;7;8
Wien Süd-West;Penzing;91401;50;823;514;4;95;112;97;78;94;18;16
Wien Süd-West;Penzing;91401;51;703;451;7;102;98;82;59;94;5;4
Wien Süd-West;Penzing;91401;52;1016;680;7;145;145;88;140;126;8;21
Wien Süd-West;Penzing;91401;53;1126;690;11;106;198;118;135;91;12;19
Wien Süd-West;Penzing;91401;54;1084;677;12;99;161;85;165;104;20;31
Wien Süd-West;Penzing;91401;55;1051;667;2;141;167;95;128;94;18;22
Wien Süd-West;Penzing;91401;56;1127;678;10;120;174;115;132;83;17;27
Wien Süd-West;Penzing;91401;57;714;362;1;34;103;38;116;35;6;29
Wien Süd-West;Penzing;91401;58;575;237;4;22;82;30;47;25;5;22
Wien Süd-West;Penzing;91401;59;747;367;3;46;109;33;95;45;9;27
Wien Süd-West;Penzing;91401;60;650;246;2;21;76;41;60;27;3;16
Wien Süd-West;Penzing;91401;61;953;628;12;143;119;87;108;134;12;13
Wien Süd-West;Penzing;91401;62;875;599;7;125;133;97;107;97;15;18
Wien Süd-West;Penzing;91401;63;658;417;0;58;108;81;96;58;5;11
Wien Süd-West;Penzing;91401;64;837;480;5;93;133;102;63;49;14;21
Wien Süd-West;Penzing;91401;65;794;527;6;121;136;62;76;99;7;20
Wien Süd-West;Penzing;91401;66;740;352;6;49;97;57;69;45;10;19
Wien Süd-West;Penzing;91401;67;669;339;3;27;107;58;84;38;1;21
Wien Süd-West;Penzing;91401;68;871;352;2;32;104;69;70;30;13;32
Wien Süd-West;Penzing;91401;69;140;101;0;4;36;9;27;17;4;4
Wien Süd-West;Penzing;91401;70;112;0;0;0;0;0;0;0;0;0
Wien Süd-West;Penzing;91401;71;887;486;3;68;136;65;124;54;11;25
Wien Süd-West;Penzing;91401;72;1005;547;5;27;204;59;133;86;6;27
Wien Süd-West;Penzing;91401;73;866;477;4;74;146;68;93;50;10;32
Wien Süd-West;Penzing;91401;74;854;455;3;55;161;88;55;60;9;24
Wien Süd-West;Penzing;91401;75;649;380;6;67;112;51;74;46;11;13
Wien Süd-West;Penzing;91401;76;775;473;7;115;110;69;67;74;11;20
Wien Süd-West;Penzing;91401;77;763;461;2;96;101;63;86;88;14;11
Wien Süd-West;Rudolfsheim-Fünfhaus;91501;1;898;301;4;25;117;86;23;16;6;24
Wien Süd-West;Rudolfsheim-Fünfhaus;91501;2;681;295;3;24;111;55;53;31;5;13
Wien Süd-West;Rudolfsheim-Fünfhaus;91501;3;932;529;7;54;193;85;89;57;7;37
Wien Süd-West;Rudolfsheim-Fünfhaus;91501;4;759;304;7;26;131;64;34;20;5;17
Wien Süd-West;Rudolfsheim-Fünfhaus;91501;5;714;224;4;25;73;61;26;18;4;13
Wien Süd-West;Rudolfsheim-Fünfhaus;91501;6;842;435;5;56;143;70;93;40;4;24
Wien Süd-West;Rudolfsheim-Fünfhaus;91501;7;640;345;4;44;105;51;79;26;8;28
Wien Süd-West;Rudolfsheim-Fünfhaus;91501;8;765;396;8;36;119;50;102;27;11;43
Wien Süd-West;Rudolfsheim-Fünfhaus;91501;9;676;328;8;28;101;51;80;20;7;33
Wien Süd-West;Rudolfsheim-Fünfhaus;91501;10;807;315;6;23;100;54;68;42;6;16
Wien Süd-West;Rudolfsheim-Fünfhaus;91501;11;819;424;5;38;134;51;111;52;4;29
Wien Süd-West;Rudolfsheim-Fünfhaus;91501;12;757;410;3;17;121;39;135;49;8;38
Wien Süd-West;Rudolfsheim-Fünfhaus;91501;13;939;545;6;67;159;60;155;56;7;35
Wien Süd-West;Rudolfsheim-Fünfhaus;91501;14;675;371;1;18;103;32;138;40;5;34
Wien Süd-West;Rudolfsheim-Fünfhaus;91501;15;683;356;2;33;110;39;105;34;2;31
Wien Süd-West;Rudolfsheim-Fünfhaus;91501;16;646;308;2;26;93;46;85;28;2;26
Wien Süd-West;Rudolfsheim-Fünfhaus;91501;17;713;290;7;22;98;45;45;29;10;34
Wien Süd-West;Rudolfsheim-Fünfhaus;91501;18;556;247;3;17;66;20;84;25;4;28
Wien Süd-West;Rudolfsheim-Fünfhaus;91501;19;523;245;2;28;73;37;52;26;5;22
Wien Süd-West;Rudolfsheim-Fünfhaus;91501;20;723;358;2;12;109;29;130;39;6;31
Wien Süd-West;Rudolfsheim-Fünfhaus;91501;21;824;442;6;42;146;56;116;44;3;29
Wien Süd-West;Rudolfsheim-Fünfhaus;91501;22;729;299;3;27;103;60;66;17;5;18
Wien Süd-West;Rudolfsheim-Fünfhaus;91501;23;847;282;0;20;108;62;53;15;5;19
Wien Süd-West;Rudolfsheim-Fünfhaus;91501;24;808;335;3;32;112;59;71;29;8;21
Wien Süd-West;Rudolfsheim-Fünfhaus;91501;25;879;409;2;50;138;48;93;33;12;33
Wien Süd-West;Rudolfsheim-Fünfhaus;91501;26;700;299;4;28;109;43;60;31;5;19
Wien Süd-West;Rudolfsheim-Fünfhaus;91501;27;754;389;5;46;101;35;118;56;6;22
Wien Süd-West;Rudolfsheim-Fünfhaus;91501;28;918;458;3;49;145;68;105;43;7;38
Wien Süd-West;Rudolfsheim-Fünfhaus;91501;29;646;278;2;27;82;47;67;29;3;21
Wien Süd-West;Rudolfsheim-Fünfhaus;91501;30;640;270;1;35;78;45;62;25;5;19
Wien Süd-West;Rudolfsheim-Fünfhaus;91501;31;704;304;5;23;97;44;72;32;2;29
Wien Süd-West;Rudolfsheim-Fünfhaus;91501;32;1045;581;6;46;170;61;179;73;11;35
Wien Süd-West;Rudolfsheim-Fünfhaus;91501;33;731;383;6;37;112;46;111;41;6;24
Wien Süd-West;Rudolfsheim-Fünfhaus;91501;34;763;416;3;40;123;42;126;43;10;29
Wien Süd-West;Rudolfsheim-Fünfhaus;91501;35;826;450;8;33;139;39;138;47;6;40
Wien Süd-West;Rudolfsheim-Fünfhaus;91501;36;751;362;1;26;109;58;94;39;4;31
Wien Süd-West;Rudolfsheim-Fünfhaus;91501;37;709;367;3;36;92;37;126;39;3;31
Wien Süd-West;Rudolfsheim-Fünfhaus;91501;38;761;369;1;37;103;46;98;42;4;38
Wien Süd-West;Rudolfsheim-Fünfhaus;91501;39;484;243;1;28;79;42;52;25;5;11
Wien Süd-West;Rudolfsheim-Fünfhaus;91501;40;224;74;6;14;38;9;2;3;0;2
Wien Süd-West;Rudolfsheim-Fünfhaus;91501;41;797;385;4;41;134;54;90;33;5;24
Wien Süd-West;Rudolfsheim-Fünfhaus;91501;42;684;369;3;42;109;37;87;52;7;32
Wien Süd-West;Rudolfsheim-Fünfhaus;91501;43;812;360;1;27;150;60;66;26;4;26
Wien Süd-West;Rudolfsheim-Fünfhaus;91501;44;858;377;5;42;149;60;72;24;4;21
Wien Süd-West;Rudolfsheim-Fünfhaus;91501;45;795;374;2;41;107;63;83;52;12;14
Wien Süd-West;Rudolfsheim-Fünfhaus;91501;46;689;300;4;20;110;43;62;36;4;21
Wien Süd-West;Rudolfsheim-Fünfhaus;91501;47;915;346;4;27;105;70;83;25;6;26
Wien Süd-West;Rudolfsheim-Fünfhaus;91501;48;799;391;1;34;112;75;88;48;6;27
Wien Süd-West;Rudolfsheim-Fünfhaus;91501;49;929;397;2;24;132;59;113;43;3;21
Wien Süd-West;Rudolfsheim-Fünfhaus;91501;50;703;312;4;35;90;54;82;25;3;19
Wien Süd-West;Rudolfsheim-Fünfhaus;91501;51;245;80;0;21;41;6;3;8;0;1
Wien Nord-West;Ottakring;91601;1;523;222;1;17;83;17;57;29;3;15
Wien Nord-West;Ottakring;91601;2;534;226;2;11;71;18;78;19;4;23
Wien Nord-West;Ottakring;91601;3;696;386;0;29;124;39;132;39;2;21
Wien Nord-West;Ottakring;91601;4;792;441;3;48;130;50;131;32;9;38
Wien Nord-West;Ottakring;91601;5;568;280;3;17;81;17;95;30;3;34
Wien Nord-West;Ottakring;91601;6;651;335;1;21;102;15;147;20;7;22
Wien Nord-West;Ottakring;91601;7;586;312;1;28;100;23;97;29;5;29
Wien Nord-West;Ottakring;91601;8;602;293;2;33;96;33;68;29;3;29
Wien Nord-West;Ottakring;91601;9;558;256;2;15;89;35;65;30;3;17
Wien Nord-West;Ottakring;91601;10;528;264;4;32;60;25;92;32;6;13
Wien Nord-West;Ottakring;91601;11;567;298;1;28;70;42;90;42;0;25
Wien Nord-West;Ottakring;91601;12;810;394;8;35;128;51;94;41;4;33
Wien Nord-West;Ottakring;91601;13;756;435;3;44;118;44;141;47;9;29
Wien Nord-West;Ottakring;91601;14;618;378;6;43;108;42;110;39;6;24
Wien Nord-West;Ottakring;91601;15;754;438;5;37;127;52;112;52;8;45
Wien Nord-West;Ottakring;91601;16;836;377;4;43;110;54;95;39;4;28
Wien Nord-West;Ottakring;91601;17;794;376;5;48;131;60;71;33;4;24
Wien Nord-West;Ottakring;91601;18;738;382;3;29;110;52;111;36;5;36
Wien Nord-West;Ottakring;91601;19;736;379;6;33;117;25;104;44;8;42
Wien Nord-West;Ottakring;91601;20;596;286;0;15;96;29;87;32;1;26
Wien Nord-West;Ottakring;91601;21;617;289;0;22;111;34;75;28;2;17
Wien Nord-West;Ottakring;91601;22;802;360;3;25;134;59;74;31;4;30
Wien Nord-West;Ottakring;91601;23;903;401;3;46;102;40;113;58;7;32
Wien Nord-West;Ottakring;91601;24;918;626;2;126;159;81;96;136;9;17
Wien Nord-West;Ottakring;91601;25;711;274;4;26;72;47;65;30;4;26
Wien Nord-West;Ottakring;91601;26;911;391;0;51;137;73;70;29;1;30
Wien Nord-West;Ottakring;91601;27;865;266;4;26;97;94;22;9;2;12
Wien Nord-West;Ottakring;91601;28;571;313;1;47;98;80;34;33;7;13
Wien Nord-West;Ottakring;91601;29;890;376;4;34;116;115;60;19;6;22
Wien Nord-West;Ottakring;91601;30;647;295;1;29;81;45;78;33;5;23
Wien Nord-West;Ottakring;91601;31;653;346;5;35;135;37;77;34;3;20
Wien Nord-West;Ottakring;91601;32;619;283;2;26;86;41;70;31;8;19
Wien Nord-West;Ottakring;91601;33;511;246;4;38;84;41;39;27;4;9
Wien Nord-West;Ottakring;91601;34;573;244;3;20;69;52;65;18;5;12
Wien Nord-West;Ottakring;91601;35;755;361;2;42;103;55;83;39;6;31
Wien Nord-West;Ottakring;91601;36;740;411;3;60;125;56;89;45;9;24
Wien Nord-West;Ottakring;91601;37;862;485;5;52;171;67;99;58;6;27
Wien Nord-West;Ottakring;91601;38;516;237;0;26;53;32;74;30;4;18
Wien Nord-West;Ottakring;91601;39;858;467;5;60;148;62;112;48;6;26
Wien Nord-West;Ottakring;91601;40;852;451;6;61;133;73;97;46;6;29
Wien Nord-West;Ottakring;91601;41;769;420;5;45;116;78;84;52;8;32
Wien Nord-West;Ottakring;91601;42;651;310;6;44;93;61;51;29;5;21
Wien Nord-West;Ottakring;91601;43;593;259;1;28;98;56;34;14;7;21
Wien Nord-West;Ottakring;91601;44;776;287;4;40;56;133;19;17;3;15
Wien Nord-West;Ottakring;91601;45;787;400;2;47;134;103;54;45;6;9
Wien Nord-West;Ottakring;91601;46;465;137;0;15;60;44;4;8;2;4
Wien Nord-West;Ottakring;91601;47;898;459;4;51;160;86;75;53;9;21
Wien Nord-West;Ottakring;91601;48;672;286;5;39;81;60;43;29;7;22
Wien Nord-West;Ottakring;91601;49;816;367;5;42;116;68;57;44;7;28
Wien Nord-West;Ottakring;91601;50;652;248;4;24;95;54;39;19;2;11
Wien Nord-West;Ottakring;91601;51;880;469;5;59;159;78;79;50;9;30
Wien Nord-West;Ottakring;91601;52;605;294;3;32;111;60;45;21;1;21
Wien Nord-West;Ottakring;91601;53;823;350;2;28;112;79;62;32;10;25
Wien Nord-West;Ottakring;91601;54;848;440;9;56;162;55;84;49;3;22
Wien Nord-West;Ottakring;91601;55;497;233;3;20;84;69;26;20;5;6
Wien Nord-West;Ottakring;91601;56;848;468;2;51;129;44;138;72;6;26
Wien Nord-West;Ottakring;91601;57;753;366;3;48;123;53;60;42;8;29
Wien Nord-West;Ottakring;91601;58;551;237;6;26;79;40;43;17;3;23
Wien Nord-West;Ottakring;91601;59;970;502;3;51;165;68;114;59;11;31
Wien Nord-West;Ottakring;91601;60;810;439;4;48;162;80;61;64;8;12
Wien Nord-West;Ottakring;91601;61;831;380;11;39;112;79;76;37;7;19
Wien Nord-West;Ottakring;91601;62;682;345;4;60;105;68;44;40;7;17
Wien Nord-West;Ottakring;91601;63;974;433;7;42;144;86;80;36;9;29
Wien Nord-West;Ottakring;91601;64;255;123;8;27;60;17;4;5;0;2
Wien Nord-West;Ottakring;91601;65;830;418;3;76;141;66;74;41;5;12
Wien Nord-West;Ottakring;91601;66;844;456;5;43;130;62;108;64;11;33
Wien Nord-West;Ottakring;91601;67;790;417;4;40;107;44;121;66;8;27
Wien Nord-West;Ottakring;91601;68;538;176;3;15;54;64;16;8;4;12
Wien Nord-West;Ottakring;91601;69;682;236;6;20;103;57;27;10;3;10
Wien Nord-West;Ottakring;91601;70;671;368;1;48;104;74;59;61;10;11
Wien Nord-West;Ottakring;91601;71;383;222;5;29;78;44;26;25;5;10
Wien Nord-West;Ottakring;91601;72;733;482;3;89;138;50;106;79;6;11
Wien Nord-West;Ottakring;91601;73;974;616;2;121;137;90;113;122;11;20
Wien Nord-West;Ottakring;91601;74;919;325;2;34;141;86;30;14;5;13
Wien Nord-West;Ottakring;91601;75;660;474;1;109;116;49;100;78;11;10
Wien Nord-West;Ottakring;91601;76;966;584;4;108;149;65;127;111;7;13
Wien Nord-West;Ottakring;91601;77;171;0;0;0;0;0;0;0;0;0
Wien Nord-West;Ottakring;91601;78;0;0;0;0;0;0;0;0;0;0
Wien Nord-West;Ottakring;91601;79;0;0;0;0;0;0;0;0;0;0
Wien Nord-West;Ottakring;91601;80;0;0;0;0;0;0;0;0;0;0
Wien Nord-West;Hernals;91701;1;658;322;0;20;92;38;113;29;4;26
Wien Nord-West;Hernals;91701;2;665;390;5;38;118;37;114;52;4;22
Wien Nord-West;Hernals;91701;3;839;487;0;36;128;41;171;64;5;42
Wien Nord-West;Hernals;91701;4;680;404;6;31;100;30;143;57;7;30
Wien Nord-West;Hernals;91701;5;771;464;5;28;132;42;163;52;4;38
Wien Nord-West;Hernals;91701;6;828;518;3;38;142;39;185;64;2;45
Wien Nord-West;Hernals;91701;7;857;498;8;75;131;79;104;59;6;36
Wien Nord-West;Hernals;91701;8;920;537;3;76;162;70;115;72;7;32
Wien Nord-West;Hernals;91701;9;860;499;6;50;128;77;138;68;5;27
Wien Nord-West;Hernals;91701;10;667;340;3;28;87;51;104;42;3;22
Wien Nord-West;Hernals;91701;11;655;271;2;45;66;54;59;23;5;17
Wien Nord-West;Hernals;91701;12;789;351;0;57;78;56;78;53;5;24
Wien Nord-West;Hernals;91701;13;924;487;6;56;132;42;147;69;14;21
Wien Nord-West;Hernals;91701;14;697;392;4;39;123;44;91;43;6;42
Wien Nord-West;Hernals;91701;15;716;348;0;35;105;55;99;30;6;18
Wien Nord-West;Hernals;91701;16;672;307;3;35;97;38;77;32;3;22
Wien Nord-West;Hernals;91701;17;759;423;6;55;106;63;103;44;13;33
Wien Nord-West;Hernals;91701;18;841;477;4;55;134;49;130;61;9;35
Wien Nord-West;Hernals;91701;19;627;325;2;18;88;34;99;33;6;45
Wien Nord-West;Hernals;91701;20;883;401;6;39;136;60;81;46;5;28
Wien Nord-West;Hernals;91701;21;876;436;7;49;119;104;86;42;10;19
Wien Nord-West;Hernals;91701;22;929;528;10;51;157;84;119;63;11;33
Wien Nord-West;Hernals;91701;23;812;385;7;58;86;58;106;46;5;19
Wien Nord-West;Hernals;91701;24;888;525;1;105;178;88;73;49;8;23
Wien Nord-West;Hernals;91701;25;723;319;5;42;104;40;68;41;9;10
Wien Nord-West;Hernals;91701;26;1031;492;4;65;141;85;97;63;13;24
Wien Nord-West;Hernals;91701;27;945;555;2;79;173;83;111;74;13;20
Wien Nord-West;Hernals;91701;28;1161;643;6;138;180;91;98;90;9;31
Wien Nord-West;Hernals;91701;29;984;556;8;84;157;68;106;100;11;22
Wien Nord-West;Hernals;91701;30;901;500;5;80;145;70;90;82;14;14
Wien Nord-West;Hernals;91701;31;943;610;5;117;143;61;108;140;7;29
Wien Nord-West;Hernals;91701;32;768;409;3;98;92;48;73;71;14;10
Wien Nord-West;Hernals;91701;33;977;654;6;128;150;110;110;113;20;17
Wien Nord-West;Hernals;91701;34;1115;753;6;177;151;84;150;140;16;29
Wien Nord-West;Hernals;91701;35;917;581;4;136;118;72;109;115;7;20
Wien Nord-West;Hernals;91701;36;827;506;3;134;89;76;79;96;17;12
Wien Nord-West;Hernals;91701;37;830;510;2;119;91;73;98;103;14;10
Wien Nord-West;Hernals;91701;38;650;358;3;27;113;54;88;41;6;26
Wien Nord-West;Währing;91801;1;812;433;2;55;106;48;120;64;9;29
Wien Nord-West;Währing;91801;2;885;527;4;70;144;56;145;85;5;18
Wien Nord-West;Währing;91801;3;822;492;0;51;134;54;153;74;8;18
Wien Nord-West;Währing;91801;4;679;386;4;39;95;43;109;63;8;25
Wien Nord-West;Währing;91801;5;734;463;7;48;116;39;146;77;6;24
Wien Nord-West;Währing;91801;6;680;408;3;37;102;36;134;67;3;26
Wien Nord-West;Währing;91801;7;800;490;1;51;130;69;144;66;8;21
Wien Nord-West;Währing;91801;8;425;294;5;63;76;25;67;41;4;13
Wien Nord-West;Währing;91801;9;700;431;1;62;114;37;130;62;10;15
Wien Nord-West;Währing;91801;10;888;562;1;76;130;57;162;99;12;25
Wien Nord-West;Währing;91801;11;652;389;2;62;97;41;111;54;4;18
Wien Nord-West;Währing;91801;12;745;495;2;77;126;39;153;71;5;22
Wien Nord-West;Währing;91801;13;994;663;10;93;177;49;191;95;17;31
Wien Nord-West;Währing;91801;14;903;359;3;25;131;81;61;36;8;14
Wien Nord-West;Währing;91801;15;548;374;3;37;83;35;118;62;14;22
Wien Nord-West;Währing;91801;16;879;626;4;126;134;50;175;104;13;20
Wien Nord-West;Währing;91801;17;738;433;6;56;127;34;82;77;18;33
Wien Nord-West;Währing;91801;18;616;340;3;25;100;36;89;57;5;25
Wien Nord-West;Währing;91801;19;899;624;4;117;122;50;174;116;7;34
Wien Nord-West;Währing;91801;20;1010;727;4;179;111;70;174;150;17;22
Wien Nord-West;Währing;91801;21;948;591;3;108;137;49;160;90;13;31
Wien Nord-West;Währing;91801;22;935;643;3;153;111;60;147;135;15;19
Wien Nord-West;Währing;91801;23;840;579;3;106;132;53;136;106;9;34
Wien Nord-West;Währing;91801;24;634;321;1;54;82;43;76;48;4;13
Wien Nord-West;Währing;91801;25;795;491;0;82;107;57;123;99;8;15
Wien Nord-West;Währing;91801;26;820;492;8;96;97;61;98;117;10;5
Wien Nord-West;Währing;91801;27;741;375;5;66;80;62;79;57;10;16
Wien Nord-West;Währing;91801;28;858;570;2;99;114;64;133;112;18;28
Wien Nord-West;Währing;91801;29;890;567;4;114;112;57;173;88;5;14
Wien Nord-West;Währing;91801;30;260;125;2;33;48;17;10;11;1;3
Wien Nord-West;Währing;91801;31;792;433;6;62;135;101;58;47;3;21
Wien Nord-West;Währing;91801;32;682;408;3;79;96;47;98;67;7;11
Wien Nord-West;Währing;91801;33;1015;622;8;134;128;80;135;108;8;21
Wien Nord-West;Währing;91801;34;623;413;1;94;66;24;105;100;9;14
Wien Nord-West;Währing;91801;35;800;561;5;135;101;49;102;148;14;7
Wien Nord-West;Währing;91801;36;911;604;5;163;87;60;113;154;9;13
Wien Nord-West;Währing;91801;37;845;571;4;128;98;51;118;151;8;13
Wien Nord-West;Währing;91801;38;875;620;3;152;110;64;105;156;10;20
Wien Nord-West;Währing;91801;39;958;660;5;159;129;70;102;169;15;11
Wien Nord-West;Währing;91801;40;711;496;4;113;95;31;120;119;4;10
Wien Nord-West;Währing;91801;41;798;386;5;74;91;26;97;74;2;17
Wien Nord-West;Döbling;91901;1;528;187;1;34;58;26;33;18;5;12
Wien Nord-West;Döbling;91901;2;668;338;4;49;83;51;76;48;8;19
Wien Nord-West;Döbling;91901;3;749;344;0;57;78;69;46;66;12;16
Wien Nord-West;Döbling;91901;4;667;288;5;35;101;49;40;38;3;17
Wien Nord-West;Döbling;91901;5;700;324;5;36;100;56;47;51;6;23
Wien Nord-West;Döbling;91901;6;755;441;6;64;112;60;100;71;11;17
Wien Nord-West;Döbling;91901;7;741;512;5;148;72;48;78;147;5;9
Wien Nord-West;Döbling;91901;8;569;376;4;93;85;26;69;85;2;12
Wien Nord-West;Döbling;91901;9;250;142;5;77;29;13;7;10;0;1
Wien Nord-West;Döbling;91901;10;934;536;2;106;123;54;113;107;10;21
Wien Nord-West;Döbling;91901;11;554;331;2;103;50;34;50;77;8;7
Wien Nord-West;Döbling;91901;12;809;478;4;87;118;44;111;88;4;22
Wien Nord-West;Döbling;91901;13;659;380;2;64;83;61;80;76;8;6
Wien Nord-West;Döbling;91901;14;660;472;1;113;78;46;101;116;6;11
Wien Nord-West;Döbling;91901;15;599;369;2;76;82;57;65;71;11;5
Wien Nord-West;Döbling;91901;16;591;390;1;77;74;50;88;72;9;19
Wien Nord-West;Döbling;91901;17;960;414;1;113;68;37;77;110;4;4
Wien Nord-West;Döbling;91901;18;214;55;0;17;23;6;4;5;0;0
Wien Nord-West;Döbling;91901;19;973;564;1;135;118;77;99;112;11;11
Wien Nord-West;Döbling;91901;20;816;506;3;138;84;93;67;100;12;9
Wien Nord-West;Döbling;91901;21;293;128;3;49;54;13;7;1;0;1
Wien Nord-West;Döbling;91901;22;652;322;0;74;71;43;56;47;11;20
Wien Nord-West;Döbling;91901;23;470;281;2;67;63;28;62;57;0;2
Wien Nord-West;Döbling;91901;24;825;449;3;117;104;62;61;66;12;24
Wien Nord-West;Döbling;91901;25;857;272;3;30;99;61;41;20;4;14
Wien Nord-West;Döbling;91901;26;846;535;4;141;120;56;78;108;8;20
Wien Nord-West;Döbling;91901;27;750;245;3;21;103;56;18;19;10;15
Wien Nord-West;Döbling;91901;28;843;403;2;83;149;63;38;44;10;14
Wien Nord-West;Döbling;91901;29;979;641;2;170;137;81;78;149;10;14
Wien Nord-West;Döbling;91901;30;831;464;10;110;111;88;57;65;11;12
Wien Nord-West;Döbling;91901;31;799;334;1;43;120;83;24;37;7;19
Wien Nord-West;Döbling;91901;32;798;388;3;59;127;73;50;56;3;17
Wien Nord-West;Döbling;91901;33;858;371;1;56;140;68;37;44;11;14
Wien Nord-West;Döbling;91901;34;839;527;5;130;114;76;80;99;9;14
Wien Nord-West;Döbling;91901;35;748;386;3;77;81;71;85;50;6;13
Wien Nord-West;Döbling;91901;36;1062;712;7;207;109;81;122;159;12;15
Wien Nord-West;Döbling;91901;37;763;360;7;58;107;88;41;42;9;8
Wien Nord-West;Döbling;91901;38;406;203;5;33;45;44;24;46;3;3
Wien Nord-West;Döbling;91901;39;946;519;0;111;116;85;79;99;5;24
Wien Nord-West;Döbling;91901;40;884;526;2;153;95;82;55;106;7;26
Wien Nord-West;Döbling;91901;41;814;495;9;124;136;80;55;66;10;15
Wien Nord-West;Döbling;91901;42;886;501;2;121;99;81;57;110;17;14
Wien Nord-West;Döbling;91901;43;694;446;4;133;82;51;51;109;8;8
Wien Nord-West;Döbling;91901;44;914;536;8;116;128;96;73;84;14;17
Wien Nord-West;Döbling;91901;45;761;455;2;137;43;72;61;120;12;8
Wien Nord-West;Döbling;91901;46;731;477;5;126;88;61;79;99;8;11
Wien Nord-West;Döbling;91901;47;723;429;2;134;66;48;63;102;7;7
Wien Nord-West;Döbling;91901;48;600;269;6;32;100;48;33;30;4;16
Wien Nord-West;Döbling;91901;49;744;462;2;105;86;84;79;85;9;12
Wien Nord-West;Döbling;91901;50;800;536;2;121;109;59;97;124;9;15
Wien Nord-West;Döbling;91901;51;693;375;3;73;115;56;42;52;13;21
Wien Nord-West;Döbling;91901;52;557;269;3;46;70;55;34;41;7;13
Wien Nord-West;Döbling;91901;53;613;398;1;89;102;47;76;62;12;9
Wien Nord-West;Döbling;91901;54;890;413;4;64;99;106;59;48;15;18
Wien Nord-West;Döbling;91901;55;551;284;4;63;71;50;28;50;5;13
Wien Nord-West;Döbling;91901;56;673;413;5;80;107;69;73;60;7;12
Wien Nord-West;Döbling;91901;57;416;293;0;109;99;40;20;25;0;0
Wien Nord-West;Döbling;91901;58;879;537;6;92;151;117;66;78;12;15
Wien Nord-West;Döbling;91901;59;898;443;5;57;167;127;35;27;13;12
Wien Nord-West;Döbling;91901;60;820;496;2;144;86;75;66;101;13;9
Wien Nord-West;Döbling;91901;61;641;398;2;119;64;42;66;95;3;7
Wien Nord-West;Döbling;91901;62;834;532;8;147;81;87;56;143;6;4
Wien Nord-West;Döbling;91901;63;806;538;0;143;93;51;106;127;6;12
Wien Nord-West;Döbling;91901;64;1018;674;7;167;111;84;130;144;10;21
Wien Nord-West;Döbling;91901;65;570;357;2;95;61;26;62;100;4;7
Wien Innen-Ost;Brigittenau;92001;1;804;502;5;37;146;55;151;52;10;46
Wien Innen-Ost;Brigittenau;92001;2;940;563;2;42;166;46;178;72;15;42
Wien Innen-Ost;Brigittenau;92001;3;903;528;4;48;149;48;176;53;12;38
Wien Innen-Ost;Brigittenau;92001;4;784;361;2;19;113;50;104;43;6;24
Wien Innen-Ost;Brigittenau;92001;5;834;351;4;52;116;54;66;35;3;21
Wien Innen-Ost;Brigittenau;92001;6;638;344;1;36;102;38;106;40;3;18
Wien Innen-Ost;Brigittenau;92001;7;793;418;9;44;131;51;108;41;4;30
Wien Innen-Ost;Brigittenau;92001;8;692;367;0;22;94;38;126;41;5;41
Wien Innen-Ost;Brigittenau;92001;9;778;406;0;39;107;54;108;63;9;26
Wien Innen-Ost;Brigittenau;92001;10;773;398;3;34;124;42;110;50;7;28
Wien Innen-Ost;Brigittenau;92001;11;799;393;3;53;103;44;114;43;8;25
Wien Innen-Ost;Brigittenau;92001;12;748;330;1;38;116;64;51;31;4;25
Wien Innen-Ost;Brigittenau;92001;13;866;374;1;55;129;62;46;48;5;28
Wien Innen-Ost;Brigittenau;92001;14;755;285;3;52;89;72;31;18;3;17
Wien Innen-Ost;Brigittenau;92001;15;914;307;3;20;111;75;49;18;11;20
Wien Innen-Ost;Brigittenau;92001;16;781;390;3;43;111;68;84;39;9;33
Wien Innen-Ost;Brigittenau;92001;17;708;278;5;33;96;70;41;13;7;13
Wien Innen-Ost;Brigittenau;92001;18;715;303;3;26;127;61;45;24;2;15
Wien Innen-Ost;Brigittenau;92001;19;857;407;5;58;125;77;70;47;4;21
Wien Innen-Ost;Brigittenau;92001;20;412;163;0;9;61;25;30;22;2;14
Wien Innen-Ost;Brigittenau;92001;21;646;232;0;21;103;62;22;7;6;11
Wien Innen-Ost;Brigittenau;92001;22;758;239;3;21;108;51;26;12;7;11
Wien Innen-Ost;Brigittenau;92001;23;659;220;0;23;103;55;11;17;2;9
Wien Innen-Ost;Brigittenau;92001;24;921;360;3;52;142;81;37;30;3;12
Wien Innen-Ost;Brigittenau;92001;25;668;301;3;30;116;54;36;35;9;18
Wien Innen-Ost;Brigittenau;92001;26;772;323;6;44;141;78;24;18;1;11
Wien Innen-Ost;Brigittenau;92001;27;858;473;6;47;161;117;61;53;13;15
Wien Innen-Ost;Brigittenau;92001;28;620;228;2;20;93;60;20;15;3;15
Wien Innen-Ost;Brigittenau;92001;29;853;239;6;8;87;87;21;17;2;11
Wien Innen-Ost;Brigittenau;92001;30;623;197;6;13;86;52;12;9;10;9
Wien Innen-Ost;Brigittenau;92001;31;895;521;4;63;156;88;87;83;13;27
Wien Innen-Ost;Brigittenau;92001;32;645;196;1;25;65;66;16;6;1;16
Wien Innen-Ost;Brigittenau;92001;33;936;337;5;28;116;75;46;34;6;27
Wien Innen-Ost;Brigittenau;92001;34;803;297;0;34;117;65;38;24;5;14
Wien Innen-Ost;Brigittenau;92001;35;735;313;2;27;119;46;59;28;7;25
Wien Innen-Ost;Brigittenau;92001;36;822;417;3;36;149;71;77;53;7;21
Wien Innen-Ost;Brigittenau;92001;37;748;269;2;35;97;66;26;27;3;13
Wien Innen-Ost;Brigittenau;92001;38;408;200;0;22;60;19;53;29;4;13
Wien Innen-Ost;Brigittenau;92001;39;730;292;10;41;113;87;16;11;2;12
Wien Innen-Ost;Brigittenau;92001;40;790;266;4;25;113;85;9;10;5;15
Wien Innen-Ost;Brigittenau;92001;41;582;246;3;32;86;56;27;15;5;22
Wien Innen-Ost;Brigittenau;92001;42;431;210;4;21;84;27;41;19;4;10
Wien Innen-Ost;Brigittenau;92001;43;871;252;2;27;102;64;25;13;5;14
Wien Innen-Ost;Brigittenau;92001;44;871;409;2;78;158;56;59;29;5;22
Wien Innen-Ost;Brigittenau;92001;45;808;315;4;47;118;63;40;27;7;9
Wien Innen-Ost;Brigittenau;92001;46;797;335;1;23;121;25;99;31;8;27
Wien Innen-Ost;Brigittenau;92001;47;501;231;4;23;90;47;41;18;2;6
Wien Innen-Ost;Brigittenau;92001;48;1039;480;5;45;159;95;100;44;7;25
Wien Innen-Ost;Brigittenau;92001;49;731;293;2;32;92;74;39;28;5;21
Wien Innen-Ost;Brigittenau;92001;50;390;194;0;17;69;38;30;15;2;23
Wien Innen-Ost;Brigittenau;92001;51;565;168;1;13;67;63;12;5;2;5
Wien Innen-Ost;Brigittenau;92001;52;801;285;7;30;99;48;47;32;2;20
Wien Innen-Ost;Brigittenau;92001;53;672;319;7;35;113;67;45;33;6;13
Wien Innen-Ost;Brigittenau;92001;54;556;312;6;39;104;53;46;40;4;20
Wien Innen-Ost;Brigittenau;92001;55;628;275;3;37;107;44;41;27;2;14
Wien Innen-Ost;Brigittenau;92001;56;668;307;1;38;100;52;58;29;7;22
Wien Innen-Ost;Brigittenau;92001;57;796;362;2;37;104;48;91;43;7;30
Wien Innen-Ost;Brigittenau;92001;58;705;354;7;46;127;70;48;27;6;23
Wien Innen-Ost;Brigittenau;92001;59;615;309;3;48;66;47;86;33;7;19
Wien Nord;Floridsdorf;92101;1;539;265;4;45;71;54;35;34;6;16
Wien Nord;Floridsdorf;92101;2;733;278;4;28;96;62;38;31;7;12
Wien Nord;Floridsdorf;92101;3;786;346;2;57;98;56;64;53;4;12
Wien Nord;Floridsdorf;92101;4;868;406;5;58;114;130;43;35;6;15
Wien Nord;Floridsdorf;92101;5;603;295;1;36;149;63;15;22;3;6
Wien Nord;Floridsdorf;92101;6;765;387;7;68;107;98;46;34;11;16
Wien Nord;Floridsdorf;92101;7;706;315;3;43;97;82;45;32;5;8
Wien Nord;Floridsdorf;92101;8;881;304;3;26;92;116;21;24;7;15
Wien Nord;Floridsdorf;92101;9;747;361;3;50;105;88;48;34;6;27
Wien Nord;Floridsdorf;92101;10;905;453;8;64;128;89;85;43;9;27
Wien Nord;Floridsdorf;92101;11;1008;506;2;73;179;122;58;42;12;18
Wien Nord;Floridsdorf;92101;12;978;425;2;53;140;111;57;44;8;10
Wien Nord;Floridsdorf;92101;13;822;298;1;44;92;108;16;16;4;17
Wien Nord;Floridsdorf;92101;14;862;484;7;79;148;108;70;45;5;22
Wien Nord;Floridsdorf;92101;15;797;364;3;61;125;89;32;31;10;13
Wien Nord;Floridsdorf;92101;16;671;417;7;75;108;76;79;61;5;6
Wien Nord;Floridsdorf;92101;17;895;458;7;80;111;106;65;47;16;26
Wien Nord;Floridsdorf;92101;18;975;543;7;64;178;114;87;61;14;18
Wien Nord;Floridsdorf;92101;19;944;425;4;79;152;100;35;28;6;21
Wien Nord;Floridsdorf;92101;20;858;457;4;71;135;80;79;56;12;20
Wien Nord;Floridsdorf;92101;21;1099;626;5;78;159;146;113;78;16;31
Wien Nord;Floridsdorf;92101;22;629;296;4;54;80;80;37;21;6;14
Wien Nord;Floridsdorf;92101;23;645;311;7;41;100;74;43;28;6;12
Wien Nord;Floridsdorf;92101;24;685;345;5;41;107;89;28;38;9;28
Wien Nord;Floridsdorf;92101;25;801;481;2;35;130;90;133;52;5;34
Wien Nord;Floridsdorf;92101;26;753;387;3;46;142;82;60;34;6;14
Wien Nord;Floridsdorf;92101;27;885;437;5;48;145;92;70;61;3;13
Wien Nord;Floridsdorf;92101;28;613;224;2;31;73;73;13;21;3;8
Wien Nord;Floridsdorf;92101;29;453;158;1;8;61;60;11;6;4;7
Wien Nord;Floridsdorf;92101;30;540;140;0;9;42;71;5;7;0;6
Wien Nord;Floridsdorf;92101;31;805;354;6;54;135;87;16;34;15;7
Wien Nord;Floridsdorf;92101;32;763;270;2;31;83;81;29;27;5;12
Wien Nord;Floridsdorf;92101;33;583;190;2;19;79;55;11;7;5;12
Wien Nord;Floridsdorf;92101;34;478;120;3;11;45;42;8;6;2;3
Wien Nord;Floridsdorf;92101;35;587;185;3;10;50;85;11;13;5;8
Wien Nord;Floridsdorf;92101;36;991;482;6;56;168;118;47;49;9;29
Wien Nord;Floridsdorf;92101;37;826;317;6;49;103;80;30;32;8;9
Wien Nord;Floridsdorf;92101;38;807;421;7;61;150;97;29;52;9;16
Wien Nord;Floridsdorf;92101;39;779;243;4;24;98;70;16;21;5;5
Wien Nord;Floridsdorf;92101;40;855;286;3;21;95;128;11;11;6;11
Wien Nord;Floridsdorf;92101;41;983;492;11;58;128;138;63;67;14;13
Wien Nord;Floridsdorf;92101;42;746;309;4;41;103;79;37;30;7;8
Wien Nord;Floridsdorf;92101;43;747;420;3;65;128;85;55;48;11;25
Wien Nord;Floridsdorf;92101;44;550;233;1;33;67;59;27;27;4;15
Wien Nord;Floridsdorf;92101;45;994;372;5;39;139;102;37;22;11;17
Wien Nord;Floridsdorf;92101;46;790;371;2;37;120;126;32;32;7;15
Wien Nord;Floridsdorf;92101;47;872;258;3;17;81;86;30;23;5;13
Wien Nord;Floridsdorf;92101;48;981;603;8;63;206;115;107;68;16;20
Wien Nord;Floridsdorf;92101;49;1013;438;8;45;133;157;30;38;6;21
Wien Nord;Floridsdorf;92101;50;631;267;3;29;121;77;14;13;3;7
Wien Nord;Floridsdorf;92101;51;839;497;7;89;143;130;47;55;12;14
Wien Nord;Floridsdorf;92101;52;770;461;4;65;152;113;51;51;9;16
Wien Nord;Floridsdorf;92101;53;766;452;2;89;120;105;53;58;7;18
Wien Nord;Floridsdorf;92101;54;684;397;2;75;132;90;41;36;12;9
Wien Nord;Floridsdorf;92101;55;596;237;3;30;84;82;15;14;5;4
Wien Nord;Floridsdorf;92101;56;780;261;4;19;104;96;7;16;6;9
Wien Nord;Floridsdorf;92101;57;591;204;2;23;68;89;8;4;0;10
Wien Nord;Floridsdorf;92101;58;930;553;1;102;131;115;71;106;14;13
Wien Nord;Floridsdorf;92101;59;1047;586;11;122;126;133;70;87;16;21
Wien Nord;Floridsdorf;92101;60;739;385;6;40;123;135;28;26;11;16
Wien Nord;Floridsdorf;92101;61;1095;593;8;99;181;133;74;80;8;10
Wien Nord;Floridsdorf;92101;62;783;392;3;35;129;113;42;46;12;12
Wien Nord;Floridsdorf;92101;63;889;367;1;45;99;132;50;26;4;10
Wien Nord;Floridsdorf;92101;64;734;341;9;39;114;131;17;17;3;11
Wien Nord;Floridsdorf;92101;65;997;507;8;80;137;129;64;52;12;25
Wien Nord;Floridsdorf;92101;66;793;389;7;39;112;134;32;44;11;10
Wien Nord;Floridsdorf;92101;67;712;382;11;46;127;101;35;41;11;10
Wien Nord;Floridsdorf;92101;68;988;425;8;54;155;107;30;44;10;17
Wien Nord;Floridsdorf;92101;69;744;284;10;34;100;83;19;20;6;12
Wien Nord;Floridsdorf;92101;70;896;383;7;43;132;107;30;37;11;16
Wien Nord;Floridsdorf;92101;71;650;273;5;42;123;73;11;14;1;4
Wien Nord;Floridsdorf;92101;72;919;328;1;31;99;103;33;30;5;26
Wien Nord;Floridsdorf;92101;73;721;159;3;12;45;75;8;8;2;6
Wien Nord;Floridsdorf;92101;74;643;164;2;14;66;62;2;9;1;8
Wien Nord;Floridsdorf;92101;75;674;174;1;18;74;59;3;12;2;5
Wien Nord;Floridsdorf;92101;76;692;271;3;38;88;98;17;15;4;8
Wien Nord;Floridsdorf;92101;77;897;303;3;24;111;128;14;11;6;6
Wien Nord;Floridsdorf;92101;78;959;290;5;35;99;112;14;12;7;6
Wien Nord;Floridsdorf;92101;79;944;361;2;47;130;126;16;22;8;10
Wien Nord;Floridsdorf;92101;80;821;280;3;24;100;110;14;16;1;12
Wien Nord;Floridsdorf;92101;81;836;300;2;31;106;111;8;17;5;20
Wien Nord;Floridsdorf;92101;82;788;265;4;28;118;75;11;15;0;14
Wien Nord;Floridsdorf;92101;83;922;293;3;31;108;96;18;16;10;11
Wien Nord;Floridsdorf;92101;84;969;461;5;41;168;118;60;41;9;19
Wien Nord;Floridsdorf;92101;85;815;394;6;47;160;104;32;32;2;11
Wien Nord;Floridsdorf;92101;86;907;383;4;57;119;129;38;22;8;6
Wien Nord;Floridsdorf;92101;87;905;368;7;50;178;95;5;14;4;15
Wien Nord;Floridsdorf;92101;88;652;309;4;40;115;77;25;23;8;17
Wien Nord;Floridsdorf;92101;89;904;416;3;51;138;118;38;47;6;15
Wien Nord;Floridsdorf;92101;90;753;299;6;40;93;107;16;21;5;11
Wien Nord;Floridsdorf;92101;91;995;549;5;81;189;118;62;65;16;13
Wien Nord;Floridsdorf;92101;92;802;469;5;82;145;120;47;61;2;7
Wien Nord;Floridsdorf;92101;93;832;502;8;67;169;148;40;48;6;16
Wien Nord;Floridsdorf;92101;94;771;450;7;71;148;98;50;48;10;18
Wien Nord;Floridsdorf;92101;95;797;281;5;22;83;76;40;33;9;13
Wien Nord;Floridsdorf;92101;96;1022;522;7;40;173;127;83;56;9;27
Wien Nord;Floridsdorf;92101;97;1035;430;6;58;142;115;30;61;5;13
Wien Nord;Floridsdorf;92101;98;1154;606;7;94;207;139;71;55;13;20
Wien Nord;Floridsdorf;92101;99;460;240;4;34;70;89;9;16;3;15
Wien Nord;Floridsdorf;92101;100;905;442;9;114;93;89;63;52;6;16
Wien Nord;Floridsdorf;92101;101;664;264;0;30;77;116;12;14;3;12
Wien Nord;Floridsdorf;92101;102;709;293;3;31;88;130;12;17;2;10
Wien Nord;Floridsdorf;92101;103;616;234;2;28;69;97;7;15;6;10
Wien Nord;Floridsdorf;92101;104;875;242;5;16;96;98;3;8;8;8
Wien Nord;Floridsdorf;92101;105;750;198;0;8;64;92;16;7;3;8
Wien Nord;Floridsdorf;92101;106;846;253;2;20;88;116;11;9;2;5
Wien Nord;Floridsdorf;92101;107;1114;360;7;26;117;142;18;26;4;20
Wien Nord;Floridsdorf;92101;108;1048;426;11;56;127;125;36;37;13;21
Wien Nord;Floridsdorf;92101;109;1089;653;8;133;203;163;60;56;11;19
Wien Nord;Floridsdorf;92101;110;860;307;9;29;99;121;21;18;6;4
Wien Nord;Floridsdorf;92101;111;796;369;6;40;99;151;21;26;12;14
Wien Nord;Floridsdorf;92101;112;640;395;7;81;118;70;37;57;16;9
Wien Nord;Floridsdorf;92101;113;725;463;12;97;122;83;62;62;12;13
Wien Nord;Floridsdorf;92101;114;993;306;4;24;102;131;14;12;4;15
Wien Nord;Floridsdorf;92101;115;1028;528;7;71;167;137;46;73;10;17
Wien Nord;Floridsdorf;92101;116;871;364;2;43;120;79;45;58;9;8
Wien Nord;Floridsdorf;92101;117;949;559;7;108;153;113;59;87;17;15
Wien Nord;Floridsdorf;92101;118;902;514;5;99;145;127;56;61;4;17
Wien Nord;Floridsdorf;92101;119;827;546;10;154;100;109;62;81;16;14
Wien Nord;Floridsdorf;92101;120;793;404;19;44;113;134;30;43;10;11
Wien Nord;Floridsdorf;92101;121;865;408;4;42;120;159;27;28;10;18
Wien Nord;Floridsdorf;92101;122;666;342;2;33;94;140;22;28;15;8
Wien Nord;Floridsdorf;92101;123;994;497;10;59;141;138;59;61;11;18
Wien Nord;Floridsdorf;92101;124;962;417;3;49;155;62;54;58;11;25
Wien Nord;Floridsdorf;92101;125;523;321;3;47;98;88;37;35;5;8
Wien Nord;Floridsdorf;92101;126;1120;502;4;52;175;128;56;54;13;20
Wien Nord;Floridsdorf;92101;127;619;170;3;15;63;38;25;13;1;12
Wien Nord;Floridsdorf;92101;128;970;409;13;35;138;112;48;41;6;16
Wien Nord;Floridsdorf;92101;129;418;183;2;27;57;37;17;18;12;13
Wien Nord;Floridsdorf;92101;130;525;140;1;11;54;29;11;16;7;11
Wien Nord;Floridsdorf;92101;131;710;174;2;15;63;52;19;13;2;8
Wien Nord;Floridsdorf;92101;132;751;408;1;72;142;76;39;47;15;16
Wien Nord;Floridsdorf;92101;133;1055;385;9;33;114;86;64;48;13;18
Wien Nord;Floridsdorf;92101;134;989;483;8;64;139;121;65;60;11;15
Wien Nord;Donaustadt;92201;1;781;449;7;58;146;60;68;81;7;22
Wien Nord;Donaustadt;92201;2;859;434;4;53;145;72;66;63;10;21
Wien Nord;Donaustadt;92201;3;885;504;5;51;144;84;98;89;12;21
Wien Nord;Donaustadt;92201;4;764;395;8;55;105;70;55;80;8;14
Wien Nord;Donaustadt;92201;5;545;174;2;13;68;63;11;10;1;6
Wien Nord;Donaustadt;92201;6;639;422;3;38;130;75;79;72;8;17
Wien Nord;Donaustadt;92201;7;871;354;10;24;136;108;28;24;5;19
Wien Nord;Donaustadt;92201;8;681;297;0;30;113;82;26;36;4;6
Wien Nord;Donaustadt;92201;9;787;369;5;59;113;85;56;32;8;11
Wien Nord;Donaustadt;92201;10;813;448;5;86;108;75;81;57;14;22
Wien Nord;Donaustadt;92201;11;613;309;6;47;109;78;22;30;3;14
Wien Nord;Donaustadt;92201;12;892;544;6;89;179;102;64;62;19;23
Wien Nord;Donaustadt;92201;13;1022;613;15;91;189;116;79;81;22;20
Wien Nord;Donaustadt;92201;14;852;438;3;85;111;77;69;72;9;12
Wien Nord;Donaustadt;92201;15;918;568;5;85;168;119;76;91;8;16
Wien Nord;Donaustadt;92201;16;881;537;6;67;143;113;108;76;10;14
Wien Nord;Donaustadt;92201;17;701;321;4;46;113;85;20;40;7;6
Wien Nord;Donaustadt;92201;18;588;175;3;18;65;62;7;8;2;10
Wien Nord;Donaustadt;92201;19;715;422;4;68;147;115;26;40;11;11
Wien Nord;Donaustadt;92201;20;809;455;4;50;162;52;103;61;8;15
Wien Nord;Donaustadt;92201;21;935;282;5;25;108;97;14;12;5;16
Wien Nord;Donaustadt;92201;22;782;240;2;25;95;72;17;16;3;10
Wien Nord;Donaustadt;92201;23;737;257;8;34;86;77;13;24;5;10
Wien Nord;Donaustadt;92201;24;696;256;5;32;75;85;27;18;3;11
Wien Nord;Donaustadt;92201;25;841;328;3;33;112;105;30;34;4;7
Wien Nord;Donaustadt;92201;26;710;282;1;40;98;65;27;32;7;12
Wien Nord;Donaustadt;92201;27;658;249;4;34;88;90;9;15;2;7
Wien Nord;Donaustadt;92201;28;520;235;3;19;100;65;12;16;10;10
Wien Nord;Donaustadt;92201;29;828;321;8;49;98;92;23;17;8;26
Wien Nord;Donaustadt;92201;30;777;314;6;38;94;91;36;30;5;14
Wien Nord;Donaustadt;92201;31;973;494;6;78;155;141;44;46;15;9
Wien Nord;Donaustadt;92201;32;968;442;2;39;157;68;80;67;11;18
Wien Nord;Donaustadt;92201;33;1003;433;3;50;126;52;96;94;2;10
Wien Nord;Donaustadt;92201;34;997;476;2;51;158;75;77;81;9;23
Wien Nord;Donaustadt;92201;35;800;345;0;39;123;48;78;40;2;15
Wien Nord;Donaustadt;92201;36;843;396;7;42;120;95;42;56;8;26
Wien Nord;Donaustadt;92201;37;950;434;4;52;119;75;78;82;7;17
Wien Nord;Donaustadt;92201;38;936;410;1;44;117;77;77;63;13;18
Wien Nord;Donaustadt;92201;39;848;427;0;82;129;94;50;46;4;22
Wien Nord;Donaustadt;92201;40;924;513;8;42;177;109;100;50;10;17
Wien Nord;Donaustadt;92201;41;980;375;7;38;119;131;38;23;7;12
Wien Nord;Donaustadt;92201;42;925;509;4;77;165;106;66;69;4;18
Wien Nord;Donaustadt;92201;43;714;275;2;35;90;76;26;27;5;14
Wien Nord;Donaustadt;92201;44;994;372;8;40;109;97;45;42;16;15
Wien Nord;Donaustadt;92201;45;803;470;7;54;127;172;43;34;9;24
Wien Nord;Donaustadt;92201;46;882;385;12;32;120;125;24;45;12;15
Wien Nord;Donaustadt;92201;47;774;373;8;30;126;121;37;21;15;15
Wien Nord;Donaustadt;92201;48;756;344;5;42;113;77;46;38;6;17
Wien Nord;Donaustadt;92201;49;638;354;3;93;86;61;50;45;5;11
Wien Nord;Donaustadt;92201;50;952;408;12;57;128;109;27;60;6;9
Wien Nord;Donaustadt;92201;51;662;263;3;26;116;77;12;12;4;13
Wien Nord;Donaustadt;92201;52;780;444;8;58;116;128;60;45;9;20
Wien Nord;Donaustadt;92201;53;590;232;6;32;82;87;7;10;4;4
Wien Nord;Donaustadt;92201;54;1031;314;5;33;133;113;4;13;3;10
Wien Nord;Donaustadt;92201;55;960;289;3;31;107;119;6;9;7;7
Wien Nord;Donaustadt;92201;56;924;463;11;59;149;155;27;36;11;15
Wien Nord;Donaustadt;92201;57;717;333;3;29;94;112;29;47;4;15
Wien Nord;Donaustadt;92201;58;869;443;13;65;133;140;34;37;7;14
Wien Nord;Donaustadt;92201;59;1031;422;6;40;146;158;27;21;9;15
Wien Nord;Donaustadt;92201;60;831;311;4;40;99;105;25;17;12;9
Wien Nord;Donaustadt;92201;61;1048;430;3;48;143;130;42;46;2;16
Wien Nord;Donaustadt;92201;62;592;227;4;40;63;79;8;16;5;12
Wien Nord;Donaustadt;92201;63;708;282;6;41;97;81;11;25;7;14
Wien Nord;Donaustadt;92201;64;985;315;6;33;132;102;9;12;4;17
Wien Nord;Donaustadt;92201;65;592;304;10;36;91;96;27;23;9;12
Wien Nord;Donaustadt;92201;66;998;413;9;59;133;116;40;24;19;13
Wien Nord;Donaustadt;92201;67;779;190;3;20;68;66;5;11;8;9
Wien Nord;Donaustadt;92201;68;844;190;3;19;77;61;8;11;6;5
Wien Nord;Donaustadt;92201;69;983;282;1;35;117;92;10;13;5;9
Wien Nord;Donaustadt;92201;70;821;345;5;34;118;84;46;27;5;26
Wien Nord;Donaustadt;92201;71;935;477;5;73;132;111;79;43;10;24
Wien Nord;Donaustadt;92201;72;1044;532;4;48;195;99;85;62;8;31
Wien Nord;Donaustadt;92201;73;631;193;4;19;85;56;10;11;3;5
Wien Nord;Donaustadt;92201;74;874;343;5;29;132;78;47;35;4;13
Wien Nord;Donaustadt;92201;75;915;406;5;53;127;95;50;45;11;20
Wien Nord;Donaustadt;92201;76;1006;529;5;70;152;132;54;85;10;21
Wien Nord;Donaustadt;92201;77;757;358;9;32;118;116;23;27;14;19
Wien Nord;Donaustadt;92201;78;277;140;1;25;77;27;2;7;1;0
Wien Nord;Donaustadt;92201;79;797;462;4;53;138;87;80;70;8;22
Wien Nord;Donaustadt;92201;80;537;331;3;60;80;71;52;47;10;8
Wien Nord;Donaustadt;92201;81;1081;579;3;27;214;131;98;76;11;19
Wien Nord;Donaustadt;92201;82;840;468;2;72;152;106;57;48;19;12
Wien Nord;Donaustadt;92201;83;1004;630;5;89;213;141;80;62;15;25
Wien Nord;Donaustadt;92201;84;919;557;4;74;165;132;83;75;12;12
Wien Nord;Donaustadt;92201;85;878;350;8;33;123;105;25;34;4;18
Wien Nord;Donaustadt;92201;86;738;262;4;31;108;77;12;16;2;12
Wien Nord;Donaustadt;92201;87;698;429;5;63;133;95;64;42;13;14
Wien Nord;Donaustadt;92201;88;764;325;9;31;124;109;18;21;8;5
Wien Nord;Donaustadt;92201;89;840;414;2;36;123;113;57;62;13;8
Wien Nord;Donaustadt;92201;90;1144;550;16;44;196;135;69;45;12;33
Wien Nord;Donaustadt;92201;91;899;409;12;29;113;153;31;40;11;20
Wien Nord;Donaustadt;92201;92;1051;543;8;57;155;152;79;73;11;8
Wien Nord;Donaustadt;92201;93;1025;502;9;62;151;134;64;65;8;9
Wien Nord;Donaustadt;92201;94;1117;632;6;89;209;162;59;82;13;12
Wien Nord;Donaustadt;92201;95;690;317;6;30;102;76;53;27;6;17
Wien Nord;Donaustadt;92201;96;902;459;4;46;183;103;36;60;12;15
Wien Nord;Donaustadt;92201;97;1068;491;8;66;171;126;46;33;8;33
Wien Nord;Donaustadt;92201;98;960;511;7;81;146;119;70;67;7;14
Wien Nord;Donaustadt;92201;99;900;543;11;64;237;128;26;58;15;4
Wien Nord;Donaustadt;92201;100;1010;559;7;97;143;111;86;80;16;19
Wien Nord;Donaustadt;92201;101;941;499;7;72;114;139;62;78;14;13
Wien Nord;Donaustadt;92201;102;870;437;6;68;107;97;72;65;10;12
Wien Nord;Donaustadt;92201;103;633;270;7;32;78;70;30;33;6;14
Wien Nord;Donaustadt;92201;104;979;530;7;69;156;108;72;91;11;16
Wien Nord;Donaustadt;92201;105;1011;577;8;85;170;109;98;67;14;26
Wien Nord;Donaustadt;92201;106;615;334;11;40;92;92;27;49;11;12
Wien Nord;Donaustadt;92201;107;830;514;7;94;147;120;68;53;15;10
Wien Nord;Donaustadt;92201;108;737;461;3;71;138;96;56;69;13;15
Wien Nord;Donaustadt;92201;109;685;420;6;67;90;94;77;68;8;10
Wien Nord;Donaustadt;92201;110;943;548;7;86;159;139;57;68;11;21
Wien Nord;Donaustadt;92201;111;1132;586;5;69;216;131;55;71;12;27
Wien Nord;Donaustadt;92201;112;1133;487;12;42;140;150;53;47;17;26
Wien Nord;Donaustadt;92201;113;958;426;5;75;133;107;46;40;9;11
Wien Nord;Donaustadt;92201;114;707;351;4;41;105;110;24;54;2;11
Wien Nord;Donaustadt;92201;115;650;264;2;24;95;26;56;40;1;20
Wien Nord;Donaustadt;92201;116;1051;650;7;86;184;173;76;94;7;23
Wien Nord;Donaustadt;92201;117;855;449;11;83;118;136;32;41;8;20
Wien Nord;Donaustadt;92201;118;813;383;8;25;105;163;28;31;9;14
Wien Nord;Donaustadt;92201;119;958;515;5;69;164;144;50;56;6;21
Wien Nord;Donaustadt;92201;120;939;490;7;70;158;133;39;54;8;21
Wien Nord;Donaustadt;92201;121;947;531;5;95;164;138;54;62;4;9
Wien Nord;Donaustadt;92201;122;579;309;2;46;100;97;21;28;5;10
Wien Nord;Donaustadt;92201;123;729;424;6;57;136;107;51;48;9;10
Wien Nord;Donaustadt;92201;124;813;457;4;62;164;111;53;39;8;16
Wien Nord;Donaustadt;92201;125;777;478;12;98;145;99;46;57;8;13
Wien Nord;Donaustadt;92201;126;657;374;7;58;130;84;31;37;9;18
Wien Nord;Donaustadt;92201;127;840;400;2;58;123;128;18;38;10;23
Wien Nord;Donaustadt;92201;128;831;330;13;29;88;116;40;30;7;7
Wien Nord;Donaustadt;92201;129;866;510;1;79;154;146;46;52;18;14
Wien Nord;Donaustadt;92201;130;1109;569;9;93;146;157;47;82;15;20
Wien Nord;Donaustadt;92201;131;1028;527;8;65;156;126;48;90;12;22
Wien Nord;Donaustadt;92201;132;675;375;8;74;107;96;35;38;2;15
Wien Nord;Donaustadt;92201;133;553;291;7;44;107;76;16;28;5;8
Wien Nord;Donaustadt;92201;134;781;293;6;28;80;142;11;15;3;8
Wien Nord;Donaustadt;92201;135;794;262;3;44;82;103;7;4;5;14
Wien Nord;Donaustadt;92201;136;926;376;3;56;126;137;17;14;5;18
Wien Nord;Donaustadt;92201;137;773;217;4;28;78;82;5;11;4;5
Wien Nord;Donaustadt;92201;138;721;347;8;52;105;124;16;21;8;13
Wien Nord;Donaustadt;92201;139;1066;561;10;70;160;167;71;48;12;23
Wien Nord;Donaustadt;92201;140;729;397;5;46;145;96;40;54;6;5
Wien Nord;Donaustadt;92201;141;614;162;2;19;45;74;2;9;5;6
Wien Nord;Donaustadt;92201;142;518;144;2;23;59;44;6;4;1;5
Wien Nord;Donaustadt;92201;143;582;188;3;16;70;79;7;6;0;7
Wien Nord;Donaustadt;92201;144;1143;543;8;57;148;138;79;75;12;26
Wien Nord;Donaustadt;92201;145;787;410;3;95;78;100;44;71;5;14
Wien Nord;Donaustadt;92201;146;855;471;5;78;180;93;33;62;6;14
Wien Nord;Donaustadt;92201;147;715;374;6;47;102;88;59;48;7;17
Wien Nord;Donaustadt;92201;148;735;379;7;48;114;79;54;48;9;20
Wien Nord;Donaustadt;92201;149;1131;458;7;74;145;98;52;52;11;19
Wien Nord;Donaustadt;92201;150;713;359;7;26;111;74;70;52;5;14
Wien Nord;Donaustadt;92201;151;782;338;6;31;111;65;65;33;10;17
Wien Nord;Donaustadt;92201;152;780;395;7;26;137;97;72;33;8;15
Wien Nord;Donaustadt;92201;153;760;412;6;14;126;46;124;55;10;31
Wien Nord;Donaustadt;92201;154;170;37;3;5;21;4;3;0;1;0
Wien Nord;Donaustadt;92201;155;764;316;0;16;98;44;84;47;6;21
Wien Nord;Donaustadt;92201;156;560;312;1;60;60;50;51;79;5;6
Wien Nord;Donaustadt;92201;157;793;307;1;48;105;61;35;32;8;17
Wien Nord;Donaustadt;92201;158;762;275;5;22;97;51;48;37;3;12
Wien Nord;Donaustadt;92201;159;883;326;2;35;142;66;37;25;10;9
Wien Nord;Donaustadt;92201;160;666;403;6;93;91;72;47;78;8;8
Wien Nord;Donaustadt;92201;161;742;265;5;22;88;70;23;30;8;19
Wien Nord;Donaustadt;92201;162;672;256;11;25;81;93;10;19;6;11
Wien Nord;Donaustadt;92201;163;550;185;1;20;59;32;31;23;3;16
Wien Nord;Donaustadt;92201;164;677;313;4;44;101;76;26;42;8;12
Wien Nord;Donaustadt;92201;165;675;281;0;26;101;49;43;43;1;18
Wien Nord;Donaustadt;92201;166;0;0;0;0;0;0;0;0;0;0
Wien Nord;Donaustadt;92201;167;0;0;0;0;0;0;0;0;0;0
Wien Nord;Donaustadt;92201;168;0;0;0;0;0;0;0;0;0;0
Wien Süd-West;Liesing;92301;1;854;390;8;44;128;88;52;51;9;10
Wien Süd-West;Liesing;92301;2;1067;495;4;72;140;120;76;49;14;20
Wien Süd-West;Liesing;92301;3;896;518;3;91;136;102;70;84;14;18
Wien Süd-West;Liesing;92301;4;582;358;2;57;123;95;21;44;9;7
Wien Süd-West;Liesing;92301;5;496;304;1;61;101;59;28;41;4;9
Wien Süd-West;Liesing;92301;6;499;323;3;45;107;70;37;48;7;6
Wien Süd-West;Liesing;92301;7;551;350;2;74;113;68;38;37;6;12
Wien Süd-West;Liesing;92301;8;516;341;8;72;106;63;40;35;7;10
Wien Süd-West;Liesing;92301;9;631;376;2;49;136;74;40;59;5;11
Wien Süd-West;Liesing;92301;10;632;376;6;50;100;89;62;45;8;16
Wien Süd-West;Liesing;92301;11;559;342;1;50;103;78;36;56;9;9
Wien Süd-West;Liesing;92301;12;697;423;6;75;125;83;59;56;7;12
Wien Süd-West;Liesing;92301;13;809;343;2;64;87;50;69;56;3;12
Wien Süd-West;Liesing;92301;14;911;401;2;27;140;79;62;65;8;18
Wien Süd-West;Liesing;92301;15;629;342;7;44;104;77;49;45;4;12
Wien Süd-West;Liesing;92301;16;669;304;2;36;99;68;40;43;4;12
Wien Süd-West;Liesing;92301;17;677;382;2;54;118;80;62;48;5;13
Wien Süd-West;Liesing;92301;18;741;441;6;95;113;57;78;74;6;12
Wien Süd-West;Liesing;92301;19;669;376;7;74;98;63;67;51;11;5
Wien Süd-West;Liesing;92301;20;527;301;5;45;77;59;48;44;13;10
Wien Süd-West;Liesing;92301;21;488;293;2;56;74;73;27;49;7;5
Wien Süd-West;Liesing;92301;22;604;346;2;80;73;68;43;60;7;13
Wien Süd-West;Liesing;92301;23;690;346;8;49;107;94;41;29;8;10
Wien Süd-West;Liesing;92301;24;594;344;2;76;89;53;58;49;6;11
Wien Süd-West;Liesing;92301;25;652;369;5;64;78;75;74;44;18;11
Wien Süd-West;Liesing;92301;26;834;559;5;167;80;71;70;141;20;5
Wien Süd-West;Liesing;92301;27;652;363;6;75;73;71;54;71;9;4
Wien Süd-West;Liesing;92301;28;542;304;1;74;70;64;36;43;6;10
Wien Süd-West;Liesing;92301;29;759;410;4;83;82;63;71;81;11;15
Wien Süd-West;Liesing;92301;30;707;441;6;118;81;49;66;101;5;15
Wien Süd-West;Liesing;92301;31;650;460;2;131;93;59;53;105;12;5
Wien Süd-West;Liesing;92301;32;588;371;2;87;73;66;60;62;11;10
Wien Süd-West;Liesing;92301;33;728;428;1;110;84;56;66;76;21;14
Wien Süd-West;Liesing;92301;34;519;319;0;78;78;39;56;61;5;2
Wien Süd-West;Liesing;92301;35;781;515;3;141;100;62;84;103;11;11
Wien Süd-West;Liesing;92301;36;553;357;6;76;69;81;46;55;9;15
Wien Süd-West;Liesing;92301;37;358;152;0;23;52;55;6;10;3;3
Wien Süd-West;Liesing;92301;38;862;559;6;126;138;68;93;109;11;8
Wien Süd-West;Liesing;92301;39;604;335;0;94;85;60;47;35;6;8
Wien Süd-West;Liesing;92301;40;889;576;3;104;161;122;77;92;10;7
Wien Süd-West;Liesing;92301;41;715;383;3;58;145;85;41;39;6;6
Wien Süd-West;Liesing;92301;42;519;230;2;30;69;71;23;26;5;4
Wien Süd-West;Liesing;92301;43;242;143;3;33;82;14;0;8;0;3
Wien Süd-West;Liesing;92301;44;822;229;6;12;82;61;33;18;6;11
Wien Süd-West;Liesing;92301;45;750;319;5;51;94;62;47;41;10;9
Wien Süd-West;Liesing;92301;46;820;391;8;57;132;82;57;41;6;8
Wien Süd-West;Liesing;92301;47;706;316;3;37;106;81;38;40;7;4
Wien Süd-West;Liesing;92301;48;740;268;3;37;81;93;17;23;6;8
Wien Süd-West;Liesing;92301;49;783;233;5;31;85;51;28;17;4;12
Wien Süd-West;Liesing;92301;50;362;169;6;38;85;27;4;3;1;5
Wien Süd-West;Liesing;92301;51;1047;649;8;120;179;111;107;95;15;14
Wien Süd-West;Liesing;92301;52;771;347;2;37;121;86;46;38;6;11
Wien Süd-West;Liesing;92301;53;1080;596;7;65;169;106;99;110;17;23
Wien Süd-West;Liesing;92301;54;978;354;6;57;125;95;22;30;10;9
Wien Süd-West;Liesing;92301;55;1079;449;7;94;141;97;44;51;3;12
Wien Süd-West;Liesing;92301;56;933;498;5;69;172;87;65;71;13;16
Wien Süd-West;Liesing;92301;57;853;394;5;52;117;121;35;51;5;8
Wien Süd-West;Liesing;92301;58;975;494;6;54;178;106;65;67;5;13
Wien Süd-West;Liesing;92301;59;613;267;2;42;95;53;26;23;8;18
Wien Süd-West;Liesing;92301;60;697;326;5;52;102;96;21;33;5;12
Wien Süd-West;Liesing;92301;61;772;480;4;125;124;70;51;82;4;20
Wien Süd-West;Liesing;92301;62;722;389;7;54;108;109;45;41;5;20
Wien Süd-West;Liesing;92301;63;760;284;5;50;58;94;35;14;7;21
Wien Süd-West;Liesing;92301;64;682;338;2;49;86;97;39;47;7;11
Wien Süd-West;Liesing;92301;65;818;418;4;88;103;90;41;60;13;19
Wien Süd-West;Liesing;92301;66;691;345;3;49;116;99;29;34;6;9
Wien Süd-West;Liesing;92301;67;727;453;6;56;215;106;17;29;14;10
Wien Süd-West;Liesing;92301;68;689;394;10;82;110;76;50;53;8;5
Wien Süd-West;Liesing;92301;69;474;202;2;41;54;59;21;17;3;5
Wien Süd-West;Liesing;92301;70;848;387;3;53;104;110;45;46;7;19
Wien Süd-West;Liesing;92301;71;604;279;5;34;117;61;26;19;8;9
Wien Süd-West;Liesing;92301;72;1036;569;2;79;190;119;74;75;14;16
Wien Süd-West;Liesing;92301;73;823;283;0;23;94;86;36;26;4;14
Wien Süd-West;Liesing;92301;74;923;253;4;15;84;75;41;17;2;15
Wien Süd-West;Liesing;92301;75;813;255;6;35;85;89;8;16;5;11
Wien Süd-West;Liesing;92301;76;711;441;3;90;126;66;83;54;4;15
Wien Süd-West;Liesing;92301;77;697;482;4;115;115;64;61;95;17;11
Wien Süd-West;Liesing;92301;78;637;341;8;52;107;86;39;40;5;4
Wien Süd-West;Liesing;92301;79;691;498;7;128;117;75;83;79;7;2
Wien Süd-West;Liesing;92301;80;512;194;2;26;68;55;13;18;5;7
Wien Süd-West;Liesing;92301;81;880;492;4;81;154;97;72;60;13;11
Wien Süd-West;Liesing;92301;82;625;296;3;49;92;82;33;22;6;9
Wien Süd-West;Liesing;92301;83;636;201;0;20;101;47;10;9;4;10
Wien Süd-West;Liesing;92301;84;665;200;3;15;86;77;8;5;2;4
Wien Süd-West;Liesing;92301;85;621;239;5;33;87;70;14;17;5;8
Wien Süd-West;Liesing;92301;86;443;155;2;12;48;68;8;11;1;5
Wien Süd-West;Liesing;92301;87;516;265;1;34;90;57;46;23;5;9
Wien Süd-West;Liesing;92301;88;670;274;2;35;83;87;31;19;7;10
Wien Süd-West;Liesing;92301;89;606;206;6;20;66;77;8;13;3;13
Wien Süd-West;Liesing;92301;90;533;213;3;24;68;73;9;18;6;12
Wien Süd-West;Liesing;92301;91;514;254;3;31;65;55;33;45;11;11
Wien Süd-West;Liesing;92301;92;752;394;6;34;129;110;40;47;13;15
Wien Süd-West;Liesing;92301;93;725;343;4;50;113;69;33;52;7;15
Wien Süd-West;Liesing;92301;94;920;396;4;46;118;108;49;49;6;16
Wien Süd-West;Liesing;92301;95;998;443;10;57;146;102;56;50;9;13
Wien Süd-West;Liesing;92301;96;1034;473;4;38;164;130;59;42;9;27
Wien Süd-West;Liesing;92301;97;860;402;3;75;147;78;37;46;2;14
Wien Süd-West;Liesing;92301;98;822;388;4;32;133;108;39;44;8;20
Wien Süd-West;Liesing;92301;99;738;441;7;52;135;71;85;65;13;13
Wien Süd-West;Liesing;92301;100;691;306;8;48;82;80;34;38;5;11
Wien Süd-West;Liesing;92301;101;885;497;6;67;162;78;70;96;6;12
Wien Süd-West;Liesing;92301;102;637;325;2;36;87;79;47;45;13;16
Wien Süd-West;Liesing;92301;103;930;412;9;35;124;73;81;67;7;16
Wien Süd-West;Liesing;92301;104;997;383;6;51;115;128;38;25;5;15
Wien Süd-West;Liesing;92301;105;885;290;7;17;95;101;36;24;3;7
Wien Süd-West;Liesing;92301;106;952;330;3;26;124;79;37;36;8;17
Wien Süd-West;Liesing;92301;107;434;253;4;45;61;41;43;40;6;13
